year,state,state_code,chamber,district,race,candidate,party,votes,percentage,winner,incumbent
2004,Arizona,AZ,State Senate,1,general,Ken Bennett,Republican,50727.0,59.64,True,True
2004,Arizona,AZ,State Senate,1,general,Susan E. Friedman,Democratic,34326.0,40.36,False,False
2004,Arizona,AZ,State Senate,2,general,Albert Hale,Democratic,47591.0,100.0,True,True
2004,Arizona,AZ,State Senate,3,general,Ron Gould,Republican,43646.0,100.0,True,False
2004,Arizona,AZ,State Senate,4,general,Jack W. Harper,Republican,71870.0,100.0,True,True
2004,Arizona,AZ,State Senate,5,general,Jake Flake,Republican,33767.0,55.1,True,False
2004,Arizona,AZ,State Senate,5,general,Cameron Udall,Democratic,27516.0,44.9,False,False
2004,Arizona,AZ,State Senate,6,general,Dean Martin,Republican,42025.0,66.05,True,True
2004,Arizona,AZ,State Senate,6,general,Marla Wing,Democratic,21598.0,33.95,False,False
2004,Arizona,AZ,State Senate,7,general,Jim Waring,Republican,46335.0,67.01,True,True
2004,Arizona,AZ,State Senate,7,general,John B. Vannucci,Democratic,22814.0,32.99,False,False
2004,Arizona,AZ,State Senate,8,general,Carolyn S. Allen,Republican,55578.0,65.52,True,True
2004,Arizona,AZ,State Senate,8,general,Stuart M. Turnansky,Democratic,26398.0,31.12,False,False
2004,Arizona,AZ,State Senate,8,general,Orville Weyrich,Libertarian,2845.0,3.35,False,False
2004,Arizona,AZ,State Senate,9,general,"Robert ""Bob"" Burns",Republican,40817.0,59.66,True,True
2004,Arizona,AZ,State Senate,9,general,Steve Poe,Democratic,27601.0,40.34,False,False
2004,Arizona,AZ,State Senate,10,general,Linda Gray,Republican,27077.0,55.07,True,False
2004,Arizona,AZ,State Senate,10,general,Lydia Guzman,Democratic,22090.0,44.93,False,False
2004,Arizona,AZ,State Senate,11,general,Barbara Leff,Republican,44731.0,57.99,True,True
2004,Arizona,AZ,State Senate,11,general,Seth Apfel,Democratic,28364.0,36.77,False,False
2004,Arizona,AZ,State Senate,11,general,Sean Nottingham,Libertarian,4042.0,5.24,False,False
2004,Arizona,AZ,State Senate,12,general,Robert Blendu,Republican,37397.0,54.12,True,True
2004,Arizona,AZ,State Senate,12,general,Kathi Foster,Democratic,31700.0,45.88,False,False
2004,Arizona,AZ,State Senate,13,general,Richard Miranda,Democratic,20417.0,100.0,True,True
2004,Arizona,AZ,State Senate,14,general,Bill Brotherton,Democratic,15437.0,100.0,True,True
2004,Arizona,AZ,State Senate,15,general,Ken Cheuvront,Democratic,24436.0,65.07,True,True
2004,Arizona,AZ,State Senate,15,general,Andrew Smigielski,Republican,13114.0,34.92,False,False
2004,Arizona,AZ,State Senate,15,general,Bradley Cashman,Independent,4.0,0.01,False,False
2004,Arizona,AZ,State Senate,16,general,Linda Aguirre,Democratic,26078.0,100.0,True,True
2004,Arizona,AZ,State Senate,17,general,Harry Mitchell,Democratic,35541.0,61.14,True,True
2004,Arizona,AZ,State Senate,17,general,Jesse J. Hernandez,Republican,22588.0,38.86,False,False
2004,Arizona,AZ,State Senate,18,general,Karen Johnson,Republican,32732.0,100.0,True,False
2004,Arizona,AZ,State Senate,19,general,Marilyn Jarrett,Republican,55630.0,100.0,True,True
2004,Arizona,AZ,State Senate,20,general,John Huppenthal,Republican,49770.0,75.77,True,False
2004,Arizona,AZ,State Senate,20,general,Warren Severin,Libertarian,15917.0,24.23,False,False
2004,Arizona,AZ,State Senate,21,general,Jay Tibshraeny,Republican,62607.0,100.0,True,True
2004,Arizona,AZ,State Senate,22,general,Thayer Verschoor,Republican,67677.0,100.0,True,True
2004,Arizona,AZ,State Senate,23,general,Rebecca Rios,Democratic,34592.0,100.0,True,False
2004,Arizona,AZ,State Senate,24,general,Robert Cannell,Democratic,28785.0,82.86,True,True
2004,Arizona,AZ,State Senate,24,general,Rodney Martin,Libertarian,5955.0,17.14,False,False
2004,Arizona,AZ,State Senate,25,general,Marsha Arzberger,Democratic,31514.0,56.08,True,True
2004,Arizona,AZ,State Senate,25,general,L. E. (Les) Thompson,Republican,24680.0,43.92,False,False
2004,Arizona,AZ,State Senate,26,general,Toni Hellon,Republican,64303.0,100.0,True,True
2004,Arizona,AZ,State Senate,27,general,Jorge Luis Garcia,Democratic,43532.0,100.0,True,True
2004,Arizona,AZ,State Senate,28,general,Gabrielle Giffords,Democratic,43911.0,64.15,True,True
2004,Arizona,AZ,State Senate,28,general,Charles H. (Chuck) Josephson,Republican,22254.0,32.51,False,False
2004,Arizona,AZ,State Senate,28,general,Mick Chvala,Libertarian,2289.0,3.34,False,False
2004,Arizona,AZ,State Senate,29,general,Victor Soltero,Democratic,26414.0,62.52,True,True
2004,Arizona,AZ,State Senate,29,general,Bruce P. Murchison,Republican,15833.0,37.48,False,False
2004,Arizona,AZ,State Senate,30,general,Tim Bee,Republican,71018.0,100.0,True,True
2004,California,CA,State Senate,1,general,Dave Cox,Republican,261607.0,62.83,True,False
2004,California,CA,State Senate,1,general,Kristine Lang McDonald,Democratic,141462.0,33.98,False,False
2004,California,CA,State Senate,1,general,Roberto Leibman,Libertarian,13292.0,3.19,False,False
2004,California,CA,State Senate,3,general,Carole Migden,Democratic,258166.0,70.4,True,False
2004,California,CA,State Senate,3,general,Andrew D. Felder,Republican,98332.0,26.81,False,False
2004,California,CA,State Senate,3,general,David Rhodes,Libertarian,10234.0,2.79,False,False
2004,California,CA,State Senate,5,general,Michael Machado,Democratic,154519.0,52.19,True,True
2004,California,CA,State Senate,5,general,Gary A. Podesto,Republican,141539.0,47.81,False,False
2004,California,CA,State Senate,7,general,Tom Torlakson,Democratic,282714.0,100.0,True,True
2004,California,CA,State Senate,9,general,Don Perata,Democratic,248614.0,77.09,True,True
2004,California,CA,State Senate,9,general,Patricia Deutsche,Republican,50110.0,15.54,False,False
2004,California,CA,State Senate,9,general,Tom Condit,Freedom,17412.0,5.4,False,False
2004,California,CA,State Senate,9,general,Peter Von Pinnon,Libertarian,6383.0,1.98,False,False
2004,California,CA,State Senate,11,general,Joe Simitian,Democratic,230484.0,66.53,True,False
2004,California,CA,State Senate,11,general,Jon Zellhoefer,Republican,101887.0,29.41,False,False
2004,California,CA,State Senate,11,general,Allen M. Rice,Libertarian,14080.0,4.06,False,False
2004,California,CA,State Senate,13,general,Elaine Alquist,Democratic,156321.0,68.53,True,False
2004,California,CA,State Senate,13,general,Shane Patrick Connolly,Republican,62157.0,27.25,False,False
2004,California,CA,State Senate,13,general,Michael Laursen,Libertarian,9585.0,4.2,False,False
2004,California,CA,State Senate,13,general,John H. Webster (write-in),Libertarian,28.0,0.01,False,False
2004,California,CA,State Senate,15,general,Abel Maldonado,Republican,194674.0,52.78,True,False
2004,California,CA,State Senate,15,general,Peg Pinard,Democratic,157556.0,42.71,False,False
2004,California,CA,State Senate,15,general,Brook Madsen,Green,16644.0,4.51,False,False
2004,California,CA,State Senate,17,general,George Runner,Republican,179992.0,59.7,True,False
2004,California,CA,State Senate,17,general,Jonathan Daniel Kraut,Democratic,109037.0,36.16,False,False
2004,California,CA,State Senate,17,general,John S. Ballard,Libertarian,12479.0,4.14,False,False
2004,California,CA,State Senate,19,general,Tom McClintock,Republican,233365.0,60.7,True,True
2004,California,CA,State Senate,19,general,Paul Graber,Democratic,151085.0,39.3,False,False
2004,California,CA,State Senate,21,general,Jack Scott,Democratic,217515.0,78.05,True,True
2004,California,CA,State Senate,21,general,Bob New,Libertarian,61160.0,21.95,False,False
2004,California,CA,State Senate,23,general,Sheila Kuehl,Democratic,229321.0,65.68,True,True
2004,California,CA,State Senate,23,general,Leonard Michael Lanzi,Republican,101648.0,29.11,False,False
2004,California,CA,State Senate,23,general,Colin Goldman,Libertarian,18168.0,5.2,False,False
2004,California,CA,State Senate,25,general,Edward Vincent,Democratic,165479.0,73.66,True,True
2004,California,CA,State Senate,25,general,James Arlandus Spencer,Republican,52485.0,23.36,False,False
2004,California,CA,State Senate,25,general,Dale F. Ogden,Libertarian,6683.0,2.97,False,False
2004,California,CA,State Senate,27,general,Alan Lowenthal,Democratic,150289.0,63.25,True,False
2004,California,CA,State Senate,27,general,Cesar Navarro Castellanos,Republican,87319.0,36.75,False,False
2004,California,CA,State Senate,29,general,Bob Margett,Republican,190165.0,61.63,True,True
2004,California,CA,State Senate,29,general,"Rufino Bautista, Jr.",Democratic,101350.0,32.85,False,False
2004,California,CA,State Senate,29,general,Dan Fernandes,Libertarian,17044.0,5.52,False,False
2004,California,CA,State Senate,31,general,Robert Dutton,Republican,170900.0,59.5,True,False
2004,California,CA,State Senate,31,general,Marjorie Mikels,Democratic,116312.0,40.5,False,False
2004,California,CA,State Senate,33,general,Dick Ackerman,Republican,245116.0,68.96,True,True
2004,California,CA,State Senate,33,general,Randall Daugherty,Democratic,110313.0,31.04,False,False
2004,California,CA,State Senate,35,general,John Campbell,Republican,230220.0,63.79,True,False
2004,California,CA,State Senate,35,general,Rita B. Siebert,Democratic,114126.0,31.62,False,False
2004,California,CA,State Senate,35,general,Timothy Johnson,Libertarian,16561.0,4.59,False,False
2004,California,CA,State Senate,37,general,Jim Battin,Republican,182578.0,59.63,True,True
2004,California,CA,State Senate,37,general,Pat Johansen,Democratic,123602.0,40.37,False,False
2004,California,CA,State Senate,39,general,Christine Kehoe,Democratic,200737.0,59.97,True,False
2004,California,CA,State Senate,39,general,Larry Stirling,Republican,118417.0,35.38,False,False
2004,California,CA,State Senate,39,general,John Murphy,Libertarian,15552.0,4.65,False,False
2004,Connecticut,CT,State Senate,1,general,John Fonfara,Democratic,15459.0,,True,True
2004,Connecticut,CT,State Senate,1,general,S. Michael DeRosa,Green,2050.0,,False,False
2004,Connecticut,CT,State Senate,1,general,Gilberto Concepcion,Working Families,533.0,,False,False
2004,Connecticut,CT,State Senate,2,general,Eric D. Coleman,Democratic,22659.0,,True,True
2004,Connecticut,CT,State Senate,2,general,Maria Torres,Working Families,1370.0,,False,False
2004,Connecticut,CT,State Senate,3,general,Gary LeBeau,Democratic,25107.0,,True,True
2004,Connecticut,CT,State Senate,3,general,"Ron Morin, Sr.",Republican,11649.0,,False,False
2004,Connecticut,CT,State Senate,3,general,Megan C. Batchelder,Working Families,889.0,,False,False
2004,Connecticut,CT,State Senate,4,general,Mary Ann Handley,Democratic,30323.0,,True,False
2004,Connecticut,CT,State Senate,4,general,Michael T. Fitzpatrick,Republican,14749.0,,False,False
2004,Connecticut,CT,State Senate,4,general,Adam D. Johnson,Working Families,671.0,,False,False
2004,Connecticut,CT,State Senate,5,general,Jonathan Harris,Democratic,28502.0,,True,False
2004,Connecticut,CT,State Senate,5,general,Kevin Connors,Republican,20629.0,,False,False
2004,Connecticut,CT,State Senate,6,general,Donald DeFronzo,Democratic,20240.0,,True,True
2004,Connecticut,CT,State Senate,6,general,Stephen V. Burdo,Working Families,969.0,,False,False
2004,Connecticut,CT,State Senate,7,general,John Kissel,Republican,21072.0,,True,True
2004,Connecticut,CT,State Senate,7,general,Bill Kiner,Democratic,20392.0,,False,False
2004,Connecticut,CT,State Senate,8,general,Thomas Herlihy,Republican,28492.0,,True,True
2004,Connecticut,CT,State Senate,8,general,Israel I. Gordon,Democratic,14766.0,,False,False
2004,Connecticut,CT,State Senate,8,general,Thomas J. Sevigny,Green,2371.0,,False,False
2004,Connecticut,CT,State Senate,8,general,Caitlin Reid Sullivan,Working Families,1224.0,,False,False
2004,Connecticut,CT,State Senate,9,general,Biagio Ciotto,Democratic,27877.0,,True,True
2004,Connecticut,CT,State Senate,9,general,Ralph Capenera,Republican,17806.0,,False,False
2004,Connecticut,CT,State Senate,10,general,Toni Harp,Democratic,21496.0,100.0,True,True
2004,Connecticut,CT,State Senate,11,general,Martin Looney,Democratic,23364.0,100.0,True,True
2004,Connecticut,CT,State Senate,12,general,J. Edward Meyer,Democratic,25494.0,,True,False
2004,Connecticut,CT,State Senate,12,general,William Aniskovich,Republican,23932.0,,False,True
2004,Connecticut,CT,State Senate,13,general,Thomas Gaffey,Democratic,28192.0,,True,True
2004,Connecticut,CT,State Senate,13,general,Tod O. Dixon,Republican,10672.0,,False,False
2004,Connecticut,CT,State Senate,14,general,Gayle Slossberg,Democratic,22975.0,,True,False
2004,Connecticut,CT,State Senate,14,general,"Win Smith, Jr.",Republican,21286.0,,False,True
2004,Connecticut,CT,State Senate,15,general,Joan Hartley,Democratic,17057.0,,True,True
2004,Connecticut,CT,State Senate,15,general,Emidio C. Cerasale,Independent,1835.0,,False,False
2004,Connecticut,CT,State Senate,16,general,Chris Murphy,Democratic,24026.0,,True,True
2004,Connecticut,CT,State Senate,16,general,Christopher J. O'Brien,Republican,14872.0,,False,False
2004,Connecticut,CT,State Senate,16,general,"Frank A. Burgio, Sr.",Independent,891.0,,False,False
2004,Connecticut,CT,State Senate,16,general,Derek John Ljongquist,Working Families,294.0,,False,False
2004,Connecticut,CT,State Senate,17,general,Joseph Crisco Jr.,Democratic,24552.0,,True,True
2004,Connecticut,CT,State Senate,17,general,James S. Bartlett,Working Families,1466.0,,False,False
2004,Connecticut,CT,State Senate,18,general,Cathy Welles Cook,Republican,21064.0,,True,True
2004,Connecticut,CT,State Senate,18,general,Andrew Maynard,Democratic,17603.0,,False,False
2004,Connecticut,CT,State Senate,19,general,Edith Prague,Democratic,24284.0,,True,True
2004,Connecticut,CT,State Senate,19,general,Catherine Marx,Republican,14640.0,,False,False
2004,Connecticut,CT,State Senate,20,general,Andrea Stillman,Democratic,24362.0,,True,False
2004,Connecticut,CT,State Senate,20,general,Mark Diebolt,Republican,15371.0,,False,False
2004,Connecticut,CT,State Senate,21,general,George Gunther,Republican,26713.0,,True,True
2004,Connecticut,CT,State Senate,21,general,William A. McGuire,Working Families,2778.0,,False,False
2004,Connecticut,CT,State Senate,22,general,Bill Finch,Democratic,20303.0,,True,True
2004,Connecticut,CT,State Senate,22,general,Robert Russo,Republican,17285.0,,False,False
2004,Connecticut,CT,State Senate,22,general,Glenn P. Kalata,Working Families,312.0,,False,False
2004,Connecticut,CT,State Senate,23,general,Ernest E. Newton II,Democratic,14628.0,,True,False
2004,Connecticut,CT,State Senate,23,general,Jerry A. Blackwell,Republican,4509.0,,False,False
2004,Connecticut,CT,State Senate,24,general,David Cappiello,Republican,22835.0,,True,True
2004,Connecticut,CT,State Senate,24,general,Howard M. Henner,Democratic,11314.0,,False,False
2004,Connecticut,CT,State Senate,24,general,John J. McGowann III,Libertarian,297.0,,False,False
2004,Connecticut,CT,State Senate,24,general,Catherine V. DiBuono,Independent,282.0,,False,False
2004,Connecticut,CT,State Senate,24,general,David Isaac Bonan,Working Families,201.0,,False,False
2004,Connecticut,CT,State Senate,25,general,Bob Duff,Democratic,22603.0,,True,False
2004,Connecticut,CT,State Senate,25,general,Jeff Konspore,Republican,15778.0,,False,False
2004,Connecticut,CT,State Senate,26,general,Judith G. Freedman,Republican,30665.0,,True,True
2004,Connecticut,CT,State Senate,26,general,Arlo Ellison,Democratic,20238.0,,False,False
2004,Connecticut,CT,State Senate,26,general,William A. Gulya,Independent,411.0,,False,False
2004,Connecticut,CT,State Senate,27,general,Andrew J. McDonald,Democratic,19298.0,,True,True
2004,Connecticut,CT,State Senate,27,general,Richard H. G. Cunningham,Republican,12167.0,,False,False
2004,Connecticut,CT,State Senate,27,general,Andy D. Dolan,Working Families,259.0,,False,False
2004,Connecticut,CT,State Senate,28,general,John P. McKinney,Republican,31324.0,,True,True
2004,Connecticut,CT,State Senate,28,general,Morgan Graham,Democratic,16732.0,,False,False
2004,Connecticut,CT,State Senate,29,general,Donald E. Williams Jr.,Democratic,23149.0,100.0,True,True
2004,Connecticut,CT,State Senate,30,general,Andrew Roraback,Republican,31818.0,,True,True
2004,Connecticut,CT,State Senate,30,general,Dennis B. O'Neil,Working Families,2298.0,,False,False
2004,Connecticut,CT,State Senate,31,general,Thomas Colapietro,Democratic,19079.0,,True,True
2004,Connecticut,CT,State Senate,31,general,Beverly R. Bobroske,Republican,17212.0,,False,False
2004,Connecticut,CT,State Senate,32,general,Louis DeLuca,Republican,31961.0,99.99,True,True
2004,Connecticut,CT,State Senate,32,general,John M. Joey,Write-in Candidate,2.0,0.01,False,False
2004,Connecticut,CT,State Senate,33,general,Eileen Daily,Democratic,31705.0,,True,True
2004,Connecticut,CT,State Senate,33,general,Emanuel Manny Misenti,Republican,12301.0,,False,False
2004,Connecticut,CT,State Senate,33,general,Colin D. Bennett,Green,1069.0,,False,False
2004,Connecticut,CT,State Senate,33,general,Jason A. Potts,Working Families,398.0,,False,False
2004,Connecticut,CT,State Senate,34,general,Len Fasano,Republican,24357.0,100.0,True,True
2004,Connecticut,CT,State Senate,35,general,Tony Guglielmo,Republican,31239.0,,True,True
2004,Connecticut,CT,State Senate,35,general,Joe Merluzzo,Democratic,14474.0,,False,False
2004,Connecticut,CT,State Senate,35,general,Janeen Dorothy Rose,Working Families,785.0,,False,False
2004,Connecticut,CT,State Senate,36,general,William H. Nickerson,Republican,28424.0,,True,True
2004,Connecticut,CT,State Senate,36,general,John A. Amarilios,Green,2615.0,,False,False
2004,Delaware,DE,State Senate,2,general,Margaret Rose Henry,Democratic,10398.0,100.0,True,True
2004,Delaware,DE,State Senate,3,general,Robert Marshall,Democratic,9343.0,100.0,True,True
2004,Delaware,DE,State Senate,4,general,Charlie Copeland,Republican,16289.0,100.0,True,True
2004,Delaware,DE,State Senate,6,general,Liane Sorenson,Republican,9972.0,100.0,True,True
2004,Delaware,DE,State Senate,10,general,Steven Amick,Republican,10775.0,55.11,True,True
2004,Delaware,DE,State Senate,10,general,Julia Dugan,Democratic,8777.0,44.89,False,False
2004,Delaware,DE,State Senate,11,general,Tony DeLuca,Democratic,12010.0,100.0,True,True
2004,Delaware,DE,State Senate,16,general,Colin Bonini,Republican,11570.0,69.28,True,True
2004,Delaware,DE,State Senate,16,general,James Testerman,Democratic,5131.0,30.72,False,False
2004,Delaware,DE,State Senate,17,general,John Still III,Republican,8290.0,51.01,True,True
2004,Delaware,DE,State Senate,17,general,Brian Bushweller,Democratic,7749.0,47.68,False,False
2004,Delaware,DE,State Senate,17,general,Karen Hartley-Nagle,Independent,214.0,1.32,False,False
2004,Delaware,DE,State Senate,18,general,Gary Simpson,Republican,14392.0,63.29,True,True
2004,Delaware,DE,State Senate,18,general,F. Thomas Savage,Democratic,8349.0,36.71,False,False
2004,Delaware,DE,State Senate,21,general,Robert Venables Sr.,Democratic,9344.0,59.65,True,True
2004,Delaware,DE,State Senate,21,general,Daniel Short,Republican,6321.0,40.35,False,False
2004,Iowa,IA,State Senate,2,general,Dave Mulder,Republican,24433.0,100.0,True,False
2004,Iowa,IA,State Senate,4,general,Jack Kibbie,Democratic,17642.0,60.0,True,True
2004,Iowa,IA,State Senate,4,general,Harley Kohlhaas,Republican,11764.0,40.0,False,False
2004,Iowa,IA,State Senate,6,general,E. Thurman Gaskill,Republican,17192.0,58.5,True,True
2004,Iowa,IA,State Senate,6,general,John Drury,Democratic,12213.0,41.5,False,False
2004,Iowa,IA,State Senate,8,general,Mark Zieman,Republican,15682.0,55.5,True,True
2004,Iowa,IA,State Senate,8,general,John Beard,Democratic,12593.0,44.5,False,False
2004,Iowa,IA,State Senate,10,general,Jeff Danielson,Democratic,16712.0,53.9,True,False
2004,Iowa,IA,State Senate,10,general,Frank Dowie,Republican,14281.0,46.1,False,False
2004,Iowa,IA,State Senate,12,general,Brian Schoenjahn,Democratic,14677.0,52.8,True,False
2004,Iowa,IA,State Senate,12,general,Ron Longmuir,Republican,13123.0,47.2,False,False
2004,Iowa,IA,State Senate,14,general,Mike Connolly,Democratic,21685.0,100.0,True,True
2004,Iowa,IA,State Senate,16,general,Tom Hancock,Democratic,15324.0,50.2,True,False
2004,Iowa,IA,State Senate,16,general,Julie Hosch,Republican,15202.0,49.8,False,True
2004,Iowa,IA,State Senate,18,general,Mary Lundby,Republican,20686.0,59.8,True,True
2004,Iowa,IA,State Senate,18,general,Lorna M. Richards,Democratic,13923.0,40.2,False,False
2004,Iowa,IA,State Senate,20,general,John Putney,Republican,21784.0,100.0,True,True
2004,Iowa,IA,State Senate,22,general,Larry McKibben,Republican,14185.0,51.4,True,True
2004,Iowa,IA,State Senate,22,general,Wayne Sawtelle,Democratic,13398.0,48.6,False,False
2004,Iowa,IA,State Senate,24,general,Jerry Behn,Republican,19409.0,57.4,True,True
2004,Iowa,IA,State Senate,24,general,Russell D. Wiesley,Democratic,14412.0,42.6,False,False
2004,Iowa,IA,State Senate,26,general,Steve Kettering,Republican,19458.0,100.0,True,True
2004,Iowa,IA,State Senate,28,general,James Seymour,Republican,24918.0,100.0,True,True
2004,Iowa,IA,State Senate,30,general,Pat Ward,Republican,19798.0,61.8,True,True
2004,Iowa,IA,State Senate,30,general,Satro Narayan,Democratic,11486.0,35.9,False,False
2004,Iowa,IA,State Senate,30,general,Sean Edward Martin,Libertarian,727.0,2.3,False,False
2004,Iowa,IA,State Senate,32,general,Brad Zaun,Republican,20088.0,57.9,True,False
2004,Iowa,IA,State Senate,32,general,Laura Sands,Democratic,14595.0,42.1,False,False
2004,Iowa,IA,State Senate,34,general,Dick Dearden,Democratic,19346.0,100.0,True,True
2004,Iowa,IA,State Senate,36,general,Paul McKinley,Republican,17029.0,60.3,True,True
2004,Iowa,IA,State Senate,36,general,Dave Sextro,Democratic,11198.0,39.7,False,False
2004,Iowa,IA,State Senate,38,general,Tom Rielly,Democratic,14679.0,51.6,True,False
2004,Iowa,IA,State Senate,38,general,Neal Schuerer,Republican,13791.0,48.4,False,True
2004,Iowa,IA,State Senate,40,general,James F. Hahn,Republican,14485.0,53.6,True,False
2004,Iowa,IA,State Senate,40,general,Thomas L. Fiegen,Democratic,12564.0,46.4,False,False
2004,Iowa,IA,State Senate,42,general,Frank Wood,Democratic,15500.0,50.8,True,False
2004,Iowa,IA,State Senate,42,general,Bryan Sievers,Republican,15020.0,49.2,False,True
2004,Iowa,IA,State Senate,44,general,Thomas G. Courtney,Democratic,19777.0,100.0,True,True
2004,Iowa,IA,State Senate,46,general,Gene Fraise,Democratic,14272.0,53.3,True,True
2004,Iowa,IA,State Senate,46,general,Doug P. Abolt,Republican,12532.0,46.7,False,False
2004,Iowa,IA,State Senate,48,general,Jeff Angelo,Republican,14981.0,54.0,True,True
2004,Iowa,IA,State Senate,48,general,Steve Waterman,Democratic,12776.0,46.0,False,False
2004,Iowa,IA,State Senate,50,general,Michael Gronstal,Democratic,12480.0,54.5,True,True
2004,Iowa,IA,State Senate,50,general,Loren Knauss,Republican,10413.0,45.5,False,False
2004,Kentucky,KY,State Senate,17,special general,Damon Thayer,Republican,4913.0,55.6,True,False
2004,Kentucky,KY,State Senate,17,special general,Charles Britton Wells,Democratic,3920.0,44.4,False,False
2004,Kentucky,KY,State Senate,4,special general,J. Dorsey Ridley,Democratic,12094.0,59.1,True,False
2004,Kentucky,KY,State Senate,4,special general,David Thomason,Republican,8362.0,40.9,False,False
2004,Kentucky,KY,State Senate,1,general,Kenneth W. Winters,Republican,23701.0,51.2,True,False
2004,Kentucky,KY,State Senate,1,general,Dennis L. Null,Democratic,22603.0,48.8,False,False
2004,Kentucky,KY,State Senate,3,general,Joey Pendleton,Democratic,18189.0,53.9,True,True
2004,Kentucky,KY,State Senate,3,general,Tracy Dean Hann,Republican,15557.0,46.1,False,False
2004,Kentucky,KY,State Senate,5,general,Carroll Gibson,Republican,23717.0,55.2,True,False
2004,Kentucky,KY,State Senate,5,general,Barry Cannon,Democratic,19233.0,44.8,False,False
2004,Kentucky,KY,State Senate,7,general,Julian M. Carroll,Democratic,33509.0,63.0,True,False
2004,Kentucky,KY,State Senate,7,general,Harold Fletcher Jr.,Republican,19708.0,37.0,False,False
2004,Kentucky,KY,State Senate,9,general,"Richard ""Richie"" Sanders",Republican,,,True,True
2004,Kentucky,KY,State Senate,11,general,"Richard L. ""Dick"" Roeding",Republican,,,True,True
2004,Kentucky,KY,State Senate,13,general,Ernesto Scorsone,Democratic,,,True,True
2004,Kentucky,KY,State Senate,15,general,Vernie McGaha,Republican,,,True,True
2004,Kentucky,KY,State Senate,17,general,Damon Thayer,Republican,25951.0,55.5,True,True
2004,Kentucky,KY,State Senate,17,general,Cliff Wallace,Democratic,20826.0,44.5,False,False
2004,Kentucky,KY,State Senate,19,general,Tim Shaughnessy,Democratic,36749.0,61.5,True,True
2004,Kentucky,KY,State Senate,19,general,Christopher M. Smrt,Republican,22964.0,38.5,False,False
2004,Kentucky,KY,State Senate,21,general,Tom Jensen,Republican,,,True,False
2004,Kentucky,KY,State Senate,23,general,Jack Westwood,Republican,21864.0,53.3,True,True
2004,Kentucky,KY,State Senate,23,general,Kathryn Groob,Democratic,19158.0,46.7,False,False
2004,Kentucky,KY,State Senate,25,general,Robert Stivers,Republican,20928.0,87.3,True,True
2004,Kentucky,KY,State Senate,25,general,Jeffrey L. Hillebrandt,Constitution,3046.0,12.7,False,False
2004,Kentucky,KY,State Senate,27,general,"Walter ""Doc"" Blevins",Democratic,25339.0,58.4,True,True
2004,Kentucky,KY,State Senate,27,general,Tim York,Republican,18043.0,41.6,False,False
2004,Kentucky,KY,State Senate,29,general,Johnny Ray Turner,Democratic,,,True,True
2004,Kentucky,KY,State Senate,31,general,Ray S. Jones II,Democratic,23952.0,61.2,True,True
2004,Kentucky,KY,State Senate,31,general,Chris Ratliff,Republican,15187.0,38.8,False,False
2004,Kentucky,KY,State Senate,33,general,Gerald A. Neal,Democratic,,,True,True
2004,Kentucky,KY,State Senate,35,general,Denise Harper Angel,Democratic,29423.0,77.8,True,False
2004,Kentucky,KY,State Senate,35,general,Ron Burrell,Republican,8414.0,22.2,False,False
2004,Kentucky,KY,State Senate,37,general,Dana Seum Stephenson,Republican,22772.0,51.1,True,False
2004,Kentucky,KY,State Senate,37,general,Virginia L. Woodward,Democratic,21750.0,48.9,False,False
2004,New Mexico,NM,State Senate,1,general,William Sharer,Republican,11340.0,63.6,True,True
2004,New Mexico,NM,State Senate,1,general,Alfred Glass Jr.,Democratic,6489.0,36.4,False,False
2004,New Mexico,NM,State Senate,2,general,Steven Neville,Republican,14084.0,100.0,True,False
2004,New Mexico,NM,State Senate,3,general,John Pinto,Democratic,10828.0,100.0,True,True
2004,New Mexico,NM,State Senate,4,general,Lidio Rainaldi,Democratic,10211.0,100.0,True,True
2004,New Mexico,NM,State Senate,5,general,Richard Martinez,Democratic,13743.0,100.0,True,True
2004,New Mexico,NM,State Senate,6,general,Carlos Cisneros,Democratic,16256.0,100.0,True,True
2004,New Mexico,NM,State Senate,7,general,Clinton Harden,Republican,9010.0,50.1,True,True
2004,New Mexico,NM,State Senate,7,general,Robert Frost,Democratic,8974.0,49.9,False,False
2004,New Mexico,NM,State Senate,8,general,Pete Campos,Democratic,10654.0,62.89,True,True
2004,New Mexico,NM,State Senate,8,general,Linda Jaramillo,Republican,6288.0,37.11,False,False
2004,New Mexico,NM,State Senate,9,general,Steve Komadina,Republican,14688.0,100.0,True,True
2004,New Mexico,NM,State Senate,10,general,John Ryan,Republican,12651.0,54.34,True,False
2004,New Mexico,NM,State Senate,10,general,John Hooker,Democratic,10632.0,45.66,False,False
2004,New Mexico,NM,State Senate,11,general,Linda Lopez,Democratic,8404.0,64.4,True,True
2004,New Mexico,NM,State Senate,11,general,Tom Benavides,Republican,4645.0,35.6,False,False
2004,New Mexico,NM,State Senate,12,general,Jerry Ortiz y Pino,Democratic,10760.0,74.1,True,False
2004,New Mexico,NM,State Senate,12,general,Gwen Poe,Republican,3760.0,25.9,False,False
2004,New Mexico,NM,State Senate,13,general,Dede Feldman,Democratic,15876.0,100.0,True,True
2004,New Mexico,NM,State Senate,14,general,James Taylor,Democratic,6823.0,54.09,True,False
2004,New Mexico,NM,State Senate,14,general,Fernando De Baca,Republican,4677.0,37.08,False,False
2004,New Mexico,NM,State Senate,14,general,Kathleen Ann Sabo,Independent (politician),890.0,7.06,False,False
2004,New Mexico,NM,State Senate,14,general,Alfred Bennett III,Independent (politician),223.0,1.77,False,False
2004,New Mexico,NM,State Senate,15,general,Diane Snyder,Republican,11228.0,52.63,True,True
2004,New Mexico,NM,State Senate,15,general,Chris Berkheimer,Democratic,10105.0,47.37,False,False
2004,New Mexico,NM,State Senate,16,general,Cisco McSorley,Democratic,15628.0,100.0,True,True
2004,New Mexico,NM,State Senate,17,general,Shannon Robinson,Democratic,6389.0,55.83,True,True
2004,New Mexico,NM,State Senate,17,general,Mary Gilbert,Republican,5054.0,44.17,False,False
2004,New Mexico,NM,State Senate,18,general,Mark Boitano,Republican,15271.0,100.0,True,True
2004,New Mexico,NM,State Senate,19,general,Sue Wilson Beffort,Republican,15614.0,100.0,True,True
2004,New Mexico,NM,State Senate,20,general,William Payne,Republican,15199.0,100.0,True,True
2004,New Mexico,NM,State Senate,21,general,Kent Cravens,Republican,18678.0,100.0,True,True
2004,New Mexico,NM,State Senate,22,general,Leonard Tsosie,Democratic,10175.0,66.05,True,True
2004,New Mexico,NM,State Senate,22,general,Ernest Geros,Republican,5229.0,33.95,False,False
2004,New Mexico,NM,State Senate,23,general,Joseph Carraro,Republican,19614.0,100.0,True,True
2004,New Mexico,NM,State Senate,24,general,Nancy Rodriguez,Democratic,14915.0,100.0,True,True
2004,New Mexico,NM,State Senate,25,general,John Grubesic,Democratic,22598.0,79.05,True,False
2004,New Mexico,NM,State Senate,25,general,Robert Mallin,Republican,5988.0,20.95,False,False
2004,New Mexico,NM,State Senate,26,general,Bernadette Sanchez,Democratic,12702.0,100.0,True,True
2004,New Mexico,NM,State Senate,27,general,Stuart Ingle,Republican,10306.0,100.0,True,True
2004,New Mexico,NM,State Senate,28,general,Ben Altamirano,Democratic,15282.0,100.0,True,True
2004,New Mexico,NM,State Senate,29,general,Michael Sanchez,Democratic,10818.0,62.71,True,True
2004,New Mexico,NM,State Senate,29,general,Abran Gabaldon,Republican,6434.0,37.29,False,False
2004,New Mexico,NM,State Senate,30,general,Joseph Fidel,Democratic,8471.0,61.71,True,True
2004,New Mexico,NM,State Senate,30,general,Gary Whittington,Republican,5257.0,38.29,False,False
2004,New Mexico,NM,State Senate,31,general,Cynthia Nava,Democratic,5838.0,100.0,True,True
2004,New Mexico,NM,State Senate,32,general,Timothy Jennings,Democratic,7952.0,100.0,True,True
2004,New Mexico,NM,State Senate,33,general,Rod Adair,Republican,14526.0,100.0,True,True
2004,New Mexico,NM,State Senate,34,general,Vernon Asbill,Republican,11065.0,58.83,True,False
2004,New Mexico,NM,State Senate,34,general,Jeffrey Diamond,Democratic,7742.0,41.17,False,False
2004,New Mexico,NM,State Senate,35,general,John Arthur Smith,Democratic,9715.0,100.0,True,True
2004,New Mexico,NM,State Senate,36,general,Mary Jane Garcia,Democratic,9570.0,58.83,True,True
2004,New Mexico,NM,State Senate,36,general,Lee Cotter,Republican,6698.0,41.17,False,False
2004,New Mexico,NM,State Senate,37,general,Leonard Lee Rawson,Republican,14748.0,100.0,True,True
2004,New Mexico,NM,State Senate,38,general,Mary Kay Papen,Democratic,10404.0,67.9,True,True
2004,New Mexico,NM,State Senate,38,general,Darl Miller,Republican,4919.0,32.1,False,False
2004,New Mexico,NM,State Senate,39,general,Phil Griego,Democratic,13094.0,71.54,True,True
2004,New Mexico,NM,State Senate,39,general,Al López,Republican,5208.0,28.46,False,False
2004,New Mexico,NM,State Senate,40,general,Dianna Duran,Republican,10898.0,100.0,True,True
2004,New Mexico,NM,State Senate,41,general,Carroll Leavell,Republican,9042.0,100.0,True,True
2004,New Mexico,NM,State Senate,42,general,Gay Kernan,Republican,12881.0,100.0,True,True
2004,North Carolina,NC,State Senate,1,general,Marc Basnight,Democratic,45367.0,64.69,True,True
2004,North Carolina,NC,State Senate,1,general,Ron Toppin,Republican,24759.0,35.31,False,False
2004,North Carolina,NC,State Senate,2,general,Scott Thomas,Democratic,37123.0,54.46,True,True
2004,North Carolina,NC,State Senate,2,general,Chuck Tyson,Republican,29966.0,43.96,False,False
2004,North Carolina,NC,State Senate,2,general,Richard C. Evey,Libertarian,1073.0,1.57,False,False
2004,North Carolina,NC,State Senate,3,general,Clark Jenkins,Democratic,36343.0,66.04,True,True
2004,North Carolina,NC,State Senate,3,general,Beverly Moore,Republican,18686.0,33.96,False,False
2004,North Carolina,NC,State Senate,4,general,Robert Lee Holloman,Democratic,44249.0,100.0,True,True
2004,North Carolina,NC,State Senate,5,general,John Kerr,Democratic,34162.0,56.8,True,True
2004,North Carolina,NC,State Senate,5,general,Tony Moore,Republican,25987.0,43.2,False,True
2004,North Carolina,NC,State Senate,6,general,Harry Brown,Republican,21624.0,52.38,True,False
2004,North Carolina,NC,State Senate,6,general,Cecil Hargett,Democratic,18514.0,44.84,False,True
2004,North Carolina,NC,State Senate,6,general,Mathew Tillman,Libertarian,1148.0,2.78,False,False
2004,North Carolina,NC,State Senate,7,general,Doug Berger,Democratic,35091.0,56.87,True,False
2004,North Carolina,NC,State Senate,7,general,Harold N. Frazier,Republican,26616.0,43.13,False,False
2004,North Carolina,NC,State Senate,8,general,R. C. Soles Jr.,Democratic,39897.0,54.26,True,True
2004,North Carolina,NC,State Senate,8,general,Jack Swann,Republican,33627.0,45.74,False,False
2004,North Carolina,NC,State Senate,9,general,Julia Boseman,Democratic,40486.0,50.55,True,False
2004,North Carolina,NC,State Senate,9,general,Woody White,Republican,39601.0,49.45,False,True
2004,North Carolina,NC,State Senate,10,general,Charles Albertson,Democratic,37570.0,61.97,True,True
2004,North Carolina,NC,State Senate,10,general,Rich Jarman,Republican,23054.0,38.03,False,False
2004,North Carolina,NC,State Senate,11,general,A. B. Swindell,Democratic,40234.0,60.37,True,True
2004,North Carolina,NC,State Senate,11,general,Dennis Nielsen,Republican,26417.0,39.63,False,False
2004,North Carolina,NC,State Senate,12,general,Fred Smith,Republican,48674.0,100.0,True,True
2004,North Carolina,NC,State Senate,13,general,David Weinstein,Democratic,37829.0,100.0,True,True
2004,North Carolina,NC,State Senate,14,general,Vernon Malone,Democratic,45727.0,64.11,True,True
2004,North Carolina,NC,State Senate,14,general,John Odoom,Republican,25595.0,35.89,False,False
2004,North Carolina,NC,State Senate,15,general,Neal Hunt,Republican,59970.0,84.58,True,False
2004,North Carolina,NC,State Senate,15,general,Lee Griffin,Libertarian,10934.0,15.42,False,False
2004,North Carolina,NC,State Senate,16,general,Janet Cowell,Democratic,45396.0,59.44,True,False
2004,North Carolina,NC,State Senate,16,general,Mark A. Bradick,Republican,28995.0,37.97,False,False
2004,North Carolina,NC,State Senate,16,general,Jason P. Mara,Libertarian,1979.0,2.59,False,False
2004,North Carolina,NC,State Senate,17,general,Richard Y. Stevens,Republican,55908.0,58.74,True,True
2004,North Carolina,NC,State Senate,17,general,Norwood Clark,Democratic,37432.0,39.33,False,False
2004,North Carolina,NC,State Senate,17,general,Ryan Maas,Libertarian,1844.0,1.94,False,False
2004,North Carolina,NC,State Senate,18,general,Bob Atwater,Democratic,46875.0,58.04,True,False
2004,North Carolina,NC,State Senate,18,general,Christine Mumma,Republican,32709.0,40.5,False,False
2004,North Carolina,NC,State Senate,18,general,Jon Guze,Libertarian,1186.0,1.47,False,False
2004,North Carolina,NC,State Senate,19,general,Tony Rand,Democratic,43413.0,100.0,True,True
2004,North Carolina,NC,State Senate,20,general,Jeanne Hopkins Lucas,Democratic,55050.0,90.24,True,True
2004,North Carolina,NC,State Senate,20,general,Ray Ubinger,Libertarian,5953.0,9.76,False,False
2004,North Carolina,NC,State Senate,21,general,Larry Shaw,Democratic,27866.0,61.21,True,True
2004,North Carolina,NC,State Senate,21,general,Richard D. Evans,Republican,16434.0,36.1,False,False
2004,North Carolina,NC,State Senate,21,general,Brian Irving,Libertarian,1225.0,2.69,False,False
2004,North Carolina,NC,State Senate,22,general,Harris Blake,Republican,35605.0,51.73,True,True
2004,North Carolina,NC,State Senate,22,general,Oscar Harris,Democratic,33229.0,48.27,False,False
2004,North Carolina,NC,State Senate,23,general,Eleanor Kinnaird,Democratic,49730.0,65.4,True,True
2004,North Carolina,NC,State Senate,23,general,"Robert E. ""Whit"" Whitfield",Republican,26307.0,34.6,False,False
2004,North Carolina,NC,State Senate,24,general,Hugh Webster,Republican,35989.0,57.94,True,True
2004,North Carolina,NC,State Senate,24,general,Tony Foriest,Democratic,26127.0,42.06,False,False
2004,North Carolina,NC,State Senate,25,general,Bill Purcell,Democratic,37319.0,81.53,True,True
2004,North Carolina,NC,State Senate,25,general,Jerry Lineau Gattis (write-in),Independent (politician),8457.0,18.47,False,False
2004,North Carolina,NC,State Senate,26,general,Phil Berger,Republican,59618.0,100.0,True,True
2004,North Carolina,NC,State Senate,27,general,Kay Hagan,Democratic,49573.0,65.85,True,True
2004,North Carolina,NC,State Senate,27,general,Bobby Coffer,Republican,23910.0,31.76,False,False
2004,North Carolina,NC,State Senate,27,general,Rusty Sheridan,Libertarian,1797.0,2.39,False,False
2004,North Carolina,NC,State Senate,28,general,Katie G. Dorsett,Democratic,47583.0,100.0,True,True
2004,North Carolina,NC,State Senate,29,general,Jerry W. Tillman,Republican,42292.0,70.56,True,True
2004,North Carolina,NC,State Senate,29,general,Charles K. Moss,Democratic,17644.0,29.44,False,False
2004,North Carolina,NC,State Senate,30,general,Don W. East,Republican,40611.0,64.67,True,False
2004,North Carolina,NC,State Senate,30,general,Melvin T. Jackson,Democratic,22188.0,35.33,False,False
2004,North Carolina,NC,State Senate,31,general,Hamilton Horton Jr.,Republican,62098.0,100.0,True,True
2004,North Carolina,NC,State Senate,32,general,Linda Garrou,Democratic,38903.0,69.69,True,True
2004,North Carolina,NC,State Senate,32,general,"W. R. ""Bill"" Dowe",Republican,16920.0,30.31,False,False
2004,North Carolina,NC,State Senate,33,general,Stan Bingham,Republican,54801.0,100.0,True,True
2004,North Carolina,NC,State Senate,34,general,Andrew C. Brock,Republican,41800.0,63.31,True,True
2004,North Carolina,NC,State Senate,34,general,Larry C. Brown,Democratic,24223.0,36.69,False,False
2004,North Carolina,NC,State Senate,35,general,Eddie Goodall,Republican,55204.0,99.59,True,False
2004,North Carolina,NC,State Senate,35,general,"Cornelius F. ""Neal"" Brantley Jr. (write-in)",Independent (politician),230.0,0.41,False,False
2004,North Carolina,NC,State Senate,36,general,Fletcher L. Hartsell Jr.,Republican,46848.0,81.42,True,True
2004,North Carolina,NC,State Senate,36,general,Mike Helms,Libertarian,10692.0,18.58,False,False
2004,North Carolina,NC,State Senate,37,general,Dan Clodfelter,Democratic,40902.0,100.0,True,True
2004,North Carolina,NC,State Senate,38,general,Charlie Dannelly,Democratic,47898.0,100.0,True,True
2004,North Carolina,NC,State Senate,39,general,Robert Pittenger,Republican,64948.0,89.08,True,True
2004,North Carolina,NC,State Senate,39,general,Andy Grum,Libertarian,7965.0,10.92,False,False
2004,North Carolina,NC,State Senate,40,general,Malcolm Graham,Democratic,42096.0,57.88,True,False
2004,North Carolina,NC,State Senate,40,general,Brian Sisson,Republican,30633.0,42.12,False,False
2004,North Carolina,NC,State Senate,41,general,James Forrester,Republican,50458.0,68.93,True,True
2004,North Carolina,NC,State Senate,41,general,Rita W. McElwaine,Democratic,22741.0,31.07,False,False
2004,North Carolina,NC,State Senate,42,general,Austin M. Allran,Republican,51623.0,100.0,True,True
2004,North Carolina,NC,State Senate,43,general,David W. Hoyle,Democratic,28264.0,53.76,True,True
2004,North Carolina,NC,State Senate,43,general,Russell Fleming,Republican,24311.0,46.24,False,False
2004,North Carolina,NC,State Senate,44,general,Jim Jacumin,Republican,38567.0,61.54,True,False
2004,North Carolina,NC,State Senate,44,general,Richard Cornwell Avery,Democratic,24100.0,38.46,False,False
2004,North Carolina,NC,State Senate,45,general,John Garwood,Republican,47005.0,61.69,True,True
2004,North Carolina,NC,State Senate,45,general,Jim Cain,Democratic,29192.0,38.31,False,False
2004,North Carolina,NC,State Senate,46,general,Walter Dalton,Democratic,32595.0,53.43,True,True
2004,North Carolina,NC,State Senate,46,general,"James ""Jim"" Testa",Republican,28409.0,46.57,False,False
2004,North Carolina,NC,State Senate,47,general,Keith Presnell,Republican,37791.0,52.56,True,False
2004,North Carolina,NC,State Senate,47,general,Joe Sam Queen,Democratic,34115.0,47.44,False,True
2004,North Carolina,NC,State Senate,48,general,Tom Apodaca,Republican,47832.0,61.99,True,True
2004,North Carolina,NC,State Senate,48,general,Matthew C. Rogers,Democratic,29327.0,38.01,False,False
2004,North Carolina,NC,State Senate,49,general,Martin Nesbitt,Democratic,43727.0,61.4,True,True
2004,North Carolina,NC,State Senate,49,general,R. L. Clark,Republican,27492.0,38.6,False,False
2004,North Carolina,NC,State Senate,50,general,John Snow,Democratic,35722.0,49.39,True,False
2004,North Carolina,NC,State Senate,50,general,Bob Carpenter,Republican,35438.0,49.0,False,True
2004,North Carolina,NC,State Senate,50,general,Ben Lamm,Libertarian,1164.0,1.61,False,False
2004,West Virginia,WV,State Senate,SD 1,general,Andy McKenzie,Republican,22089.0,53.4,True,True
2004,West Virginia,WV,State Senate,SD 1,general,Tal Hutchins,Democratic,19249.0,46.6,False,False
2004,West Virginia,WV,State Senate,SD 2,general,Jeffrey V. Kessler,Democratic,27822.0,67.4,True,True
2004,West Virginia,WV,State Senate,SD 2,general,Russ Snyder,Republican,13455.0,32.6,False,False
2004,West Virginia,WV,State Senate,SD 3,general,Donna J. Boley,Republican,37788.0,100.0,True,True
2004,West Virginia,WV,State Senate,SD 4,general,Karen Facemyer,Republican,29321.0,57.7,True,True
2004,West Virginia,WV,State Senate,SD 4,general,David Mullins,Democratic,21466.0,42.3,False,False
2004,West Virginia,WV,State Senate,SD 5,general,Robert H. Plymale,Democratic,24268.0,61.8,True,True
2004,West Virginia,WV,State Senate,SD 5,general,Stephen Hall,Republican,15006.0,38.2,False,False
2004,West Virginia,WV,State Senate,SD 6,general,John Pat Fanning,Democratic,22232.0,72.2,True,True
2004,West Virginia,WV,State Senate,SD 6,general,Jacob Potter,Republican,8557.0,27.8,False,False
2004,West Virginia,WV,State Senate,SD 7,general,Earl Ray Tomblin,Democratic,27147.0,74.5,True,True
2004,West Virginia,WV,State Senate,SD 7,general,Billy Marcum,Republican,9300.0,25.5,False,False
2004,West Virginia,WV,State Senate,SD 8,general,Vic Sprouse,Republican,48762.0,56.4,True,True
2004,West Virginia,WV,State Senate,SD 8,general,Margaret Workman,Democratic,37709.0,43.6,False,False
2004,West Virginia,WV,State Senate,SD 9,general,Billy Wayne Bailey,Democratic,20430.0,56.6,True,True
2004,West Virginia,WV,State Senate,SD 9,general,Jack Fincham,Republican,16285.0,44.4,False,False
2004,West Virginia,WV,State Senate,SD 10,general,Donald Caruth,Republican,20714.0,51.0,True,False
2004,West Virginia,WV,State Senate,SD 10,general,Anita Caldwell,Democratic,19942.0,49.0,False,True
2004,West Virginia,WV,State Senate,SD 11,general,Shirley Love,Democratic,26659.0,64.7,True,True
2004,West Virginia,WV,State Senate,SD 11,general,Robert Johnson,Republican,14549.0,35.3,False,False
2004,West Virginia,WV,State Senate,SD 12,general,William R. Sharpe Jr.,Democratic,28603.0,65.2,True,True
2004,West Virginia,WV,State Senate,SD 12,general,Stephen Weaver,Republican,13207.0,30.1,False,False
2004,West Virginia,WV,State Senate,SD 12,general,John Williams,Mountain,2048.0,4.7,False,False
2004,West Virginia,WV,State Senate,SD 13,general,"Roman W. Prezioso, Jr.",Democratic,30777.0,68.3,True,True
2004,West Virginia,WV,State Senate,SD 13,general,Mark Reynolds,Republican,14301.0,31.7,False,False
2004,West Virginia,WV,State Senate,SD 14,general,Jon Blair Hunter,Democratic,23154.0,51.0,True,True
2004,West Virginia,WV,State Senate,SD 14,general,David Sypolt,Republican,22210.0,49.0,False,False
2004,West Virginia,WV,State Senate,SD 14,general,John Bartlett,Write-in,5.0,,False,False
2004,West Virginia,WV,State Senate,SD 15,general,Clark Barnes,Republican,22000.0,50.4,True,False
2004,West Virginia,WV,State Senate,SD 15,general,Mike Ross,Democratic,21669.0,49.6,False,True
2004,West Virginia,WV,State Senate,SD 16,general,John Yoder,Republican,28480.0,57.8,True,False
2004,West Virginia,WV,State Senate,SD 16,general,Gregory Lance,Democratic,20748.0,42.2,False,False
2004,West Virginia,WV,State Senate,SD 17,general,Dan Foster,Democratic,46994.0,55.5,True,False
2004,West Virginia,WV,State Senate,SD 17,general,Rusty Webb,Republican,37704.0,44.5,False,False
2004,Wisconsin,WI,State Senate,2,general,Robert Cowles,Republican,60546.0,89.13,True,True
2004,Wisconsin,WI,State Senate,2,general,Roy Leyendecker,Libertarian,7288.0,10.73,False,False
2004,Wisconsin,WI,State Senate,4,general,Lena Taylor,Democratic,62689.0,99.16,True,False
2004,Wisconsin,WI,State Senate,6,general,Spencer Coggs,Democratic,59463.0,99.15,True,True
2004,Wisconsin,WI,State Senate,8,general,Alberta Darling,Republican,55731.0,56.94,True,True
2004,Wisconsin,WI,State Senate,8,general,Jennifer Morales,Democratic,42048.0,42.96,False,False
2004,Wisconsin,WI,State Senate,10,general,Sheila Harsdorf,Republican,56704.0,59.21,True,True
2004,Wisconsin,WI,State Senate,10,general,Gary L. Bakke,Democratic,39001.0,40.73,False,False
2004,Wisconsin,WI,State Senate,12,general,Roger Breske,Democratic,47287.0,53.47,True,True
2004,Wisconsin,WI,State Senate,12,general,Tom Tiffany,Republican,41119.0,46.49,False,False
2004,Wisconsin,WI,State Senate,14,general,Luther Olsen,Republican,57548.0,99.35,True,False
2004,Wisconsin,WI,State Senate,16,general,Mark F. Miller,Democratic,58147.0,60.04,True,False
2004,Wisconsin,WI,State Senate,16,general,Eric P. Peterson,Republican,38643.0,39.9,False,False
2004,Wisconsin,WI,State Senate,18,general,Carol Roessler,Republican,57548.0,99.35,True,True
2004,Wisconsin,WI,State Senate,20,general,Glenn Grothman,Republican,75424.0,99.15,True,False
2004,Wisconsin,WI,State Senate,22,general,Robert Wirch,Democratic,42097.0,52.11,True,True
2004,Wisconsin,WI,State Senate,22,general,Reince Priebus,Republican,38644.0,47.84,False,False
2004,Wisconsin,WI,State Senate,24,general,Julie Lassa,Democratic,58259.0,67.57,True,True
2004,Wisconsin,WI,State Senate,24,general,Greg Swank,Republican,27926.0,32.39,False,False
2004,Wisconsin,WI,State Senate,26,general,Fred Risser,Democratic,71745.0,80.81,True,True
2004,Wisconsin,WI,State Senate,26,general,Tony Schultz,Green,16807.0,18.93,False,False
2004,Wisconsin,WI,State Senate,28,general,Mary Lazich,Republican,73899.0,99.27,True,True
2004,Wisconsin,WI,State Senate,30,general,Dave Hansen,Democratic,44225.0,52.11,True,True
2004,Wisconsin,WI,State Senate,30,general,Gary Drzewiecki,Republican,36766.0,45.35,False,False
2004,Wisconsin,WI,State Senate,32,general,Dan Kapanke,Republican,46416.0,52.46,True,False
2004,Wisconsin,WI,State Senate,32,general,Brad Pfaff,Democratic,41928.0,47.39,False,False
