year,level,state,state_code,district,candidate,party,percentage,winner,incumbent,open_seat
2022,house,Alabama,AL,1,Jerry Carl,Republican,84.2,True,True,False
2022,house,Alabama,AL,1,Alexander Remrey,Libertarian,15.8,False,False,False
2022,house,Alabama,AL,2,Barry Moore,Republican,69.1,True,True,False
2022,house,Alabama,AL,2,Phyllis Harvey-Hall,Democratic,29.2,False,False,False
2022,house,Alabama,AL,2,Jonathan Realz,Libertarian,1.7,False,False,False
2022,house,Alabama,AL,3,Mike Rogers,Republican,71.2,True,True,False
2022,house,Alabama,AL,3,Lin Veasey,Democratic,25.1,False,False,False
2022,house,Alabama,AL,3,Douglas Bell,Independent,2.0,False,False,False
2022,house,Alabama,AL,3,Thomas Casson,Libertarian,1.6,False,False,False
2022,house,Alabama,AL,4,Robert Aderholt,Republican,84.2,True,True,False
2022,house,Alabama,AL,4,Rick Neighbors,Democratic,13.6,False,False,False
2022,house,Alabama,AL,4,Johnny Cochran,Libertarian,2.2,False,False,False
2022,house,Alabama,AL,5,Dale Strong,Republican,67.2,True,False,True
2022,house,Alabama,AL,5,Kathy Warner-Stanton,Democratic,29.6,False,False,True
2022,house,Alabama,AL,5,Phillip Greer,Libertarian,3.2,False,False,True
2022,house,Alabama,AL,6,Gary Palmer,Republican,84.7,True,True,False
2022,house,Alabama,AL,6,Andria Chieffo,Libertarian,15.3,False,False,False
2022,house,Alabama,AL,7,Terri Sewell,Democratic,63.6,True,True,False
2022,house,Alabama,AL,7,Beatrice Nichols,Republican,34.8,False,False,False
2022,house,Alabama,AL,7,Gavin Goodman,Libertarian,1.7,False,False,False
2022,house,Alaska,AK,AL,Mary Peltola,Democratic,48.8,False,True,False
2022,house,Alaska,AK,AL,Sarah Palin,Republican,25.7,False,False,False
2022,house,Alaska,AK,AL,Nick Begich III,Republican,23.3,False,False,False
2022,house,Alaska,AK,AL,Chris Bye,Libertarian,1.7,False,False,False
2022,house,Alaska,AK,AL,Mary Peltola,Democratic,55.0,True,True,False
2022,house,Alaska,AK,AL,Sarah Palin,Republican,45.0,False,False,False
2022,house,Arizona,AZ,1,David Schweikert,Republican,50.4,True,False,False
2022,house,Arizona,AZ,1,Jevin Hodge,Democratic,49.6,False,False,False
2022,house,Arizona,AZ,2,Eli Crane,Republican,53.9,True,False,False
2022,house,Arizona,AZ,2,Tom O'Halleran,Democratic,46.1,False,False,False
2022,house,Arizona,AZ,3,Ruben Gallego,Democratic,77.0,True,False,False
2022,house,Arizona,AZ,3,Jeff Zink,Republican,23.0,False,False,False
2022,house,Arizona,AZ,4,Greg Stanton,Democratic,56.1,True,False,False
2022,house,Arizona,AZ,4,Kelly Cooper,Republican,43.9,False,False,False
2022,house,Arizona,AZ,5,Andy Biggs,Republican,56.7,True,True,False
2022,house,Arizona,AZ,5,Javier Ramos,Democratic,37.4,False,False,False
2022,house,Arizona,AZ,5,Clint Smith,Independent,5.9,False,False,False
2022,house,Arizona,AZ,6,Juan Ciscomani,Republican,50.7,True,False,True
2022,house,Arizona,AZ,6,Kirsten Engel,Democratic,49.3,False,False,True
2022,house,Arizona,AZ,7,Raúl Grijalva,Democratic,64.5,True,False,False
2022,house,Arizona,AZ,7,Luis Pozzolo,Republican,35.5,False,False,False
2022,house,Arizona,AZ,8,Debbie Lesko,Republican,100.0,True,True,False
2022,house,Arizona,AZ,9,Paul Gosar,Republican,100.0,True,False,False
2022,house,Arkansas,AR,1,Rick Crawford,Republican,73.8,True,True,False
2022,house,Arkansas,AR,1,Monte Hodges,Democratic,26.2,False,False,False
2022,house,Arkansas,AR,2,French Hill,Republican,60.0,True,True,False
2022,house,Arkansas,AR,2,Quintessa Hathaway,Democratic,35.3,False,False,False
2022,house,Arkansas,AR,2,Michael White,Libertarian,4.7,False,False,False
2022,house,Arkansas,AR,3,Steve Womack,Republican,63.7,True,True,False
2022,house,Arkansas,AR,3,Lauren Mallett-Hays,Democratic,32.9,False,False,False
2022,house,Arkansas,AR,3,Michael Kalagias,Libertarian,3.4,False,False,False
2022,house,Arkansas,AR,4,Bruce Westerman,Republican,71.0,True,True,False
2022,house,Arkansas,AR,4,John White,Democratic,26.2,False,False,False
2022,house,Arkansas,AR,4,Gregory Maxwell,Libertarian,2.8,False,False,False
2022,house,California,CA,1,Doug LaMalfa,Republican,62.1,True,True,False
2022,house,California,CA,1,Max Steiner,Democratic,37.9,False,False,False
2022,house,California,CA,2,Jared Huffman,Democratic,74.4,True,True,False
2022,house,California,CA,2,Douglas Brower,Republican,25.6,False,False,False
2022,house,California,CA,3,Kevin Kiley,Republican,53.6,True,False,True
2022,house,California,CA,3,Kermit Jones,Democratic,46.4,False,False,True
2022,house,California,CA,4,Mike Thompson,Democratic,67.8,True,False,False
2022,house,California,CA,4,Matt Brock,Republican,32.2,False,False,False
2022,house,California,CA,5,Tom McClintock,Republican,61.3,True,False,False
2022,house,California,CA,5,Mike Barkley,Democratic,38.7,False,False,False
2022,house,California,CA,6,Ami Bera,Democratic,55.9,True,False,False
2022,house,California,CA,6,Tamika Hamilton,Republican,44.1,False,False,False
2022,house,California,CA,7,Doris Matsui,Democratic,68.3,True,False,False
2022,house,California,CA,7,Max Semenenko,Republican,31.7,False,False,False
2022,house,California,CA,8,John Garamendi,Democratic,75.7,True,False,False
2022,house,California,CA,8,Rudy Recile,Republican,24.3,False,False,False
2022,house,California,CA,9,Josh Harder,Democratic,54.8,True,False,True
2022,house,California,CA,9,Tom Patti,Republican,45.2,False,False,True
2022,house,California,CA,10,Mark DeSaulnier,Democratic,78.9,True,False,False
2022,house,California,CA,10,Green,Green,21.1,False,False,False
2022,house,California,CA,11,Nancy Pelosi,Democratic,84.0,True,False,False
2022,house,California,CA,11,John Dennis,Republican,16.0,False,False,False
2022,house,California,CA,12,Barbara Lee,Democratic,90.5,True,False,False
2022,house,California,CA,12,Stephen Slauson,Republican,9.5,False,False,False
2022,house,California,CA,13,John Duarte,Republican,50.2,True,False,True
2022,house,California,CA,13,Adam Gray,Democratic,49.8,False,False,True
2022,house,California,CA,14,Eric Swalwell,Democratic,69.3,True,False,False
2022,house,California,CA,14,Alison Hayden,Republican,30.7,False,False,False
2022,house,California,CA,15,Kevin Mullin,Democratic,55.5,True,False,True
2022,house,California,CA,15,David Canepa,Democratic,44.5,False,False,True
2022,house,California,CA,16,Anna Eshoo,Democratic,57.8,True,False,False
2022,house,California,CA,16,Rishi Kumar,Democratic,42.2,False,False,False
2022,house,California,CA,17,Ro Khanna,Democratic,70.9,True,True,False
2022,house,California,CA,17,Ritesh Tandon,Republican,29.1,False,False,False
2022,house,California,CA,18,Zoe Lofgren,Democratic,65.9,True,False,False
2022,house,California,CA,18,Peter Hernandez,Republican,34.1,False,False,False
2022,house,California,CA,19,Jimmy Panetta,Democratic,68.7,True,False,False
2022,house,California,CA,19,Jeff Gorman,Republican,31.3,False,False,False
2022,house,California,CA,20,Kevin McCarthy,Republican,67.2,True,False,True
2022,house,California,CA,20,Marisa Wood,Democratic,32.8,False,False,True
2022,house,California,CA,21,Jim Costa,Democratic,54.2,True,False,False
2022,house,California,CA,21,Michael Maher,Republican,45.8,False,False,False
2022,house,California,CA,22,David Valadao,Republican,51.5,True,False,False
2022,house,California,CA,22,Rudy Salas,Democratic,48.5,False,False,False
2022,house,California,CA,23,Jay Obernolte,Republican,61.0,True,False,False
2022,house,California,CA,23,Derek Marshall,Democratic,39.0,False,False,False
2022,house,California,CA,24,Salud Carbajal,Democratic,60.6,True,True,False
2022,house,California,CA,24,Brad Allen,Republican,39.4,False,False,False
2022,house,California,CA,25,Raul Ruiz,Democratic,57.4,True,False,False
2022,house,California,CA,25,Brian Hawkins,Republican,42.6,False,False,False
2022,house,California,CA,26,Julia Brownley,Democratic,54.5,True,True,False
2022,house,California,CA,26,Matt Jacobs,Republican,45.5,False,False,False
2022,house,California,CA,27,Mike Garcia,Republican,53.2,True,False,False
2022,house,California,CA,27,Christy Smith,Democratic,46.8,False,False,False
2022,house,California,CA,28,Judy Chu,Democratic,66.2,True,False,False
2022,house,California,CA,28,Wes Hallman,Republican,33.8,False,False,False
2022,house,California,CA,29,Tony Cárdenas,Democratic,58.5,True,True,False
2022,house,California,CA,29,Angelica Dueñas,Democratic,41.5,False,False,False
2022,house,California,CA,30,Adam Schiff,Democratic,71.1,True,False,False
2022,house,California,CA,30,Maebe A. Girl,Democratic,28.9,False,False,False
2022,house,California,CA,31,Grace Napolitano,Democratic,59.5,True,False,False
2022,house,California,CA,31,Daniel Martinez,Republican,40.5,False,False,False
2022,house,California,CA,32,Brad Sherman,Democratic,69.2,True,False,False
2022,house,California,CA,32,Lucie Volotzky,Republican,30.8,False,False,False
2022,house,California,CA,33,Pete Aguilar,Democratic,57.7,True,False,False
2022,house,California,CA,33,John Porter,Republican,42.3,False,False,False
2022,house,California,CA,34,Jimmy Gomez,Democratic,51.2,True,True,False
2022,house,California,CA,34,David Kim,Democratic,48.8,False,False,False
2022,house,California,CA,35,Norma Torres,Democratic,57.4,True,True,False
2022,house,California,CA,35,Mike Cargile,Republican,42.6,False,False,False
2022,house,California,CA,36,Ted Lieu,Democratic,69.8,True,False,False
2022,house,California,CA,36,Joe Collins III,Republican,30.2,False,False,False
2022,house,California,CA,37,Sydney Kamlager-Dove,Democratic,64.0,True,False,True
2022,house,California,CA,37,Jan Perry,Democratic,36.0,False,False,True
2022,house,California,CA,38,Linda Sánchez,Democratic,58.1,True,True,False
2022,house,California,CA,38,Eric Ching,Republican,41.9,False,False,False
2022,house,California,CA,39,Mark Takano,Democratic,57.7,True,False,False
2022,house,California,CA,39,Aja Smith,Republican,42.3,False,False,False
2022,house,California,CA,40,Young Kim,Republican,56.8,True,False,False
2022,house,California,CA,40,Asif Mahmood,Democratic,43.2,False,False,False
2022,house,California,CA,41,Ken Calvert,Republican,52.3,True,False,False
2022,house,California,CA,41,Will Rollins,Democratic,47.7,False,False,False
2022,house,California,CA,42,Robert Garcia,Democratic,68.4,True,False,True
2022,house,California,CA,42,John Briscoe,Republican,31.6,False,False,True
2022,house,California,CA,43,Maxine Waters,Democratic,77.3,True,True,False
2022,house,California,CA,43,Omar Navarro,Republican,22.7,False,False,False
2022,house,California,CA,44,Nanette Barragán,Democratic,72.2,True,True,False
2022,house,California,CA,44,Paul Jones,Republican,27.8,False,False,False
2022,house,California,CA,45,Michelle Steel,Republican,52.4,True,False,False
2022,house,California,CA,45,Jay Chen,Democratic,47.6,False,False,False
2022,house,California,CA,46,Lou Correa,Democratic,61.8,True,True,False
2022,house,California,CA,46,Christopher Gonzales,Republican,38.2,False,False,False
2022,house,California,CA,47,Katie Porter,Democratic,51.7,True,False,False
2022,house,California,CA,47,Scott Baugh,Republican,48.3,False,False,False
2022,house,California,CA,48,Darrell Issa,Republican,60.4,True,False,True
2022,house,California,CA,48,Stephen Houlahan,Democratic,39.6,False,False,True
2022,house,California,CA,49,Mike Levin,Democratic,52.6,True,True,False
2022,house,California,CA,49,Brian Maryott,Republican,47.4,False,False,False
2022,house,California,CA,50,Scott Peters,Democratic,62.8,True,False,False
2022,house,California,CA,50,Corey Gustafson,Republican,37.2,False,False,False
2022,house,California,CA,51,Sara Jacobs,Democratic,61.9,True,False,False
2022,house,California,CA,51,Stan Caplan,Republican,38.1,False,False,False
2022,house,California,CA,52,Juan Vargas,Democratic,66.7,True,False,False
2022,house,California,CA,52,Tyler Geffeney,Republican,33.3,False,False,False
2022,house,Colorado,CO,1,Diana DeGette,Democratic,80.3,True,True,False
2022,house,Colorado,CO,1,Jennifer Qualteri,Republican,17.5,False,False,False
2022,house,Colorado,CO,1,John Kittleson,Libertarian,2.2,False,False,False
2022,house,Colorado,CO,2,Joe Neguse,Democratic,70.0,True,True,False
2022,house,Colorado,CO,2,Marshall Dawson,Republican,28.0,False,False,False
2022,house,Colorado,CO,3,Lauren Boebert,Republican,50.1,True,True,False
2022,house,Colorado,CO,3,Adam Frisch,Democratic,49.9,False,False,False
2022,house,Colorado,CO,4,Ken Buck,Republican,60.9,True,True,False
2022,house,Colorado,CO,4,Ike McCorkle,Democratic,36.6,False,False,False
2022,house,Colorado,CO,5,Doug Lamborn,Republican,56.0,True,True,False
2022,house,Colorado,CO,5,David Torres,Democratic,40.3,False,False,False
2022,house,Colorado,CO,5,Brian Flanagan,Libertarian,2.5,False,False,False
2022,house,Colorado,CO,6,Jason Crow,Democratic,60.6,True,True,False
2022,house,Colorado,CO,6,Steven Monahan,Republican,37.4,False,False,False
2022,house,Colorado,CO,6,Eric Mulder,Libertarian,2.0,False,False,False
2022,house,Colorado,CO,7,Brittany Pettersen,Democratic,56.4,True,False,True
2022,house,Colorado,CO,7,Erik Aadland,Republican,41.4,False,False,True
2022,house,Colorado,CO,8,Yadira Caraveo,Democratic,48.4,True,False,True
2022,house,Colorado,CO,8,Barbara Kirkmeyer,Republican,47.7,False,False,True
2022,house,Colorado,CO,8,Richard Ward,Libertarian,3.9,False,False,True
2022,house,Connecticut,CT,1,John B. Larson,Democratic,61.3,True,True,False
2022,house,Connecticut,CT,1,Larry Lazor,Republican,37.5,False,False,False
2022,house,Connecticut,CT,1,Mary Sanders,Green,1.2,False,False,False
2022,house,Connecticut,CT,2,Joe Courtney,Democratic,58.2,True,True,False
2022,house,Connecticut,CT,2,Mike France,Republican,40.2,False,False,False
2022,house,Connecticut,CT,3,Rosa DeLauro,Democratic,56.8,True,True,False
2022,house,Connecticut,CT,3,Lesley DeNardis,Republican,40.7,False,False,False
2022,house,Connecticut,CT,4,Jim Himes,Democratic,59.4,True,True,False
2022,house,Connecticut,CT,4,Jayme Stevenson,Republican,40.6,False,False,False
2022,house,Connecticut,CT,5,Jahana Hayes,Democratic,50.4,True,True,False
2022,house,Connecticut,CT,5,George Logan,Republican,49.6,False,False,False
2022,house,Delaware,DE,AL,Lisa Blunt Rochester,Democratic,55.5,True,True,False
2022,house,Delaware,DE,AL,Lee Murphy,Republican,43.0,False,False,False
2022,house,Florida,FL,1,Matt Gaetz,Republican,67.9,True,True,False
2022,house,Florida,FL,1,Rebekah Jones,Democratic,32.1,False,False,False
2022,house,Florida,FL,2,Neal Dunn,Republican,59.8,True,True,False
2022,house,Florida,FL,2,Al Lawson,Democratic,40.2,False,False,False
2022,house,Florida,FL,3,Kat Cammack,Republican,62.5,True,True,False
2022,house,Florida,FL,3,Danielle Hawk,Democratic,36.3,False,False,False
2022,house,Florida,FL,3,Linda Brooks,Independent,1.2,False,False,False
2022,house,Florida,FL,4,Aaron Bean,Republican,60.5,True,False,True
2022,house,Florida,FL,4,LaShonda Holloway,Democratic,39.5,False,False,True
2022,house,Florida,FL,5,John Rutherford,Republican,100.0,True,False,False
2022,house,Florida,FL,6,Mike Waltz,Republican,75.3,True,True,False
2022,house,Florida,FL,6,Joe Hannoush,Libertarian,24.7,False,False,False
2022,house,Florida,FL,7,Cory Mills,Republican,58.5,True,False,True
2022,house,Florida,FL,7,Karen Green,Democratic,41.5,False,False,True
2022,house,Florida,FL,8,Bill Posey,Republican,64.9,True,True,False
2022,house,Florida,FL,8,Joanne Terry,Democratic,35.1,False,False,False
2022,house,Florida,FL,9,Darren Soto,Democratic,53.6,True,True,False
2022,house,Florida,FL,9,Scotty Moore,Republican,46.4,False,False,False
2022,house,Florida,FL,10,Maxwell Frost,Democratic,59.0,True,False,True
2022,house,Florida,FL,10,Calvin Wimbish,Republican,39.4,False,False,True
2022,house,Florida,FL,11,Daniel Webster,Republican,63.1,True,True,False
2022,house,Florida,FL,11,Shante Munns,Democratic,35.4,False,False,False
2022,house,Florida,FL,11,Kevin Porter,Independent,1.5,False,False,False
2022,house,Florida,FL,12,Gus Bilirakis,Republican,70.4,True,True,False
2022,house,Florida,FL,12,Kimberly Walker,Democratic,29.6,False,False,False
2022,house,Florida,FL,13,Anna Paulina Luna,Republican,53.1,True,False,True
2022,house,Florida,FL,13,Eric Lynn,Democratic,45.1,False,False,True
2022,house,Florida,FL,13,Frank Craft,Libertarian,1.8,False,False,True
2022,house,Florida,FL,14,Kathy Castor,Democratic,56.9,True,True,False
2022,house,Florida,FL,14,James Judge,Republican,43.1,False,False,False
2022,house,Florida,FL,15,Laurel Lee,Republican,58.5,True,False,True
2022,house,Florida,FL,15,Alan Cohn,Democratic,41.5,False,False,True
2022,house,Florida,FL,16,Vern Buchanan,Republican,62.2,True,True,False
2022,house,Florida,FL,16,Jan Schneider,Democratic,37.8,False,False,False
2022,house,Florida,FL,17,Greg Steube,Republican,63.8,True,True,False
2022,house,Florida,FL,17,Andrea Kale,Democratic,35.5,False,False,False
2022,house,Florida,FL,17,Theodore Murray,Independent,0.6,False,False,False
2022,house,Florida,FL,18,Scott Franklin,Republican,74.7,True,False,False
2022,house,Florida,FL,18,Keith Hayden,Independent,25.3,False,False,False
2022,house,Florida,FL,19,Byron Donalds,Republican,68.0,True,True,False
2022,house,Florida,FL,19,Cindy Banyai,Democratic,32.0,False,False,False
2022,house,Florida,FL,20,Sheila Cherfilus-McCormick,Democratic,72.3,True,True,False
2022,house,Florida,FL,20,Drew-Montez Clark,Republican,27.7,False,False,False
2022,house,Florida,FL,21,Brian Mast,Republican,63.5,True,False,False
2022,house,Florida,FL,21,Corinna Balderramos Robinson,Democratic,36.5,False,False,False
2022,house,Florida,FL,22,Lois Frankel,Democratic,55.1,True,False,False
2022,house,Florida,FL,22,Daniel Franzese,Republican,44.9,False,False,False
2022,house,Florida,FL,23,Jared Moskowitz,Democratic,51.6,True,False,True
2022,house,Florida,FL,23,Joe Budd,Republican,46.8,False,False,True
2022,house,Florida,FL,24,Frederica Wilson,Democratic,71.8,True,True,False
2022,house,Florida,FL,24,Jesus Navarro,Republican,28.2,False,False,False
2022,house,Florida,FL,25,Debbie Wasserman Schultz,Democratic,55.1,True,False,False
2022,house,Florida,FL,25,Carla Spalding,Republican,44.9,False,False,False
2022,house,Florida,FL,26,Mario Díaz-Balart,Republican,70.9,True,False,False
2022,house,Florida,FL,26,Christine Olivo,Democratic,29.1,False,False,False
2022,house,Florida,FL,27,María Elvira Salazar,Republican,57.3,True,True,False
2022,house,Florida,FL,27,Annette Taddeo,Democratic,42.7,False,False,False
2022,house,Florida,FL,28,Carlos A. Giménez,Republican,63.7,True,False,False
2022,house,Florida,FL,28,Robert Asencio,Democratic,36.3,False,False,False
2022,house,Georgia,GA,1,Buddy Carter,Republican,59.1,True,True,False
2022,house,Georgia,GA,1,Wade Herring,Democratic,40.9,False,False,False
2022,house,Georgia,GA,2,Sanford Bishop,Democratic,55.0,True,True,False
2022,house,Georgia,GA,2,Chris West,Republican,45.0,False,False,False
2022,house,Georgia,GA,3,Drew Ferguson,Republican,68.7,True,True,False
2022,house,Georgia,GA,3,Val Almonord,Democratic,31.3,False,False,False
2022,house,Georgia,GA,4,Hank Johnson,Democratic,78.5,True,True,False
2022,house,Georgia,GA,4,Jonathan Chavez,Republican,21.5,False,False,False
2022,house,Georgia,GA,5,Nikema Williams,Democratic,82.5,True,True,False
2022,house,Georgia,GA,5,Christian Zimm,Republican,17.5,False,False,False
2022,house,Georgia,GA,6,Rich McCormick,Republican,62.2,True,False,True
2022,house,Georgia,GA,6,Bob Christian,Democratic,37.8,False,False,True
2022,house,Georgia,GA,7,Lucy McBath,Democratic,61.1,True,False,False
2022,house,Georgia,GA,7,Mark Gonsalves,Republican,38.9,False,False,False
2022,house,Georgia,GA,8,Austin Scott,Republican,68.6,True,True,False
2022,house,Georgia,GA,8,Darrius Butler,Democratic,31.4,False,False,False
2022,house,Georgia,GA,9,Andrew Clyde,Republican,72.4,True,True,False
2022,house,Georgia,GA,9,Mike Ford,Democratic,27.6,False,False,False
2022,house,Georgia,GA,10,Mike Collins,Republican,64.5,True,False,True
2022,house,Georgia,GA,10,Tabitha Johnson-Green,Democratic,35.5,False,False,True
2022,house,Georgia,GA,11,Barry Loudermilk,Republican,62.6,True,True,False
2022,house,Georgia,GA,11,Antonio Daza,Democratic,37.4,False,False,False
2022,house,Georgia,GA,12,Rick Allen,Republican,59.6,True,True,False
2022,house,Georgia,GA,12,Liz Johnson,Democratic,40.4,False,False,False
2022,house,Georgia,GA,13,David Scott,Democratic,81.8,True,True,False
2022,house,Georgia,GA,13,Caesar Gonzales,Republican,18.2,False,False,False
2022,house,Georgia,GA,14,Marjorie Taylor Greene,Republican,65.9,True,True,False
2022,house,Georgia,GA,14,Marcus Flowers,Democratic,34.1,False,False,False
2022,house,Hawaii,HI,1,Ed Case,Democratic,73.7,True,True,True
2022,house,Hawaii,HI,1,Conrad Kress,Republican,26.3,False,False,True
2022,house,Hawaii,HI,2,Jill Tokuda,Democratic,62.2,True,False,True
2022,house,Hawaii,HI,2,Joe Akana,Republican,35.3,False,False,True
2022,house,Hawaii,HI,2,Michelle Tippens,Libertarian,2.5,False,False,True
2022,house,Idaho,ID,1,Russ Fulcher,Republican,71.3,True,True,False
2022,house,Idaho,ID,1,Kaylee Peterson,Democratic,26.3,False,False,False
2022,house,Idaho,ID,1,Darian Drake,Libertarian,2.3,False,False,False
2022,house,Idaho,ID,2,Mike Simpson,Republican,63.6,True,True,False
2022,house,Idaho,ID,2,Wendy Norman,Democratic,36.4,False,False,False
2022,house,Illinois,IL,1,Jonathan Jackson,Democratic,67.0,True,False,True
2022,house,Illinois,IL,1,Eric Carlson,Republican,33.0,False,False,True
2022,house,Illinois,IL,2,Robin Kelly,Democratic,67.1,True,True,False
2022,house,Illinois,IL,2,Thomas Lynch,Republican,32.9,False,False,False
2022,house,Illinois,IL,3,Delia Ramirez,Democratic,68.5,True,False,True
2022,house,Illinois,IL,3,Justin Burau,Republican,31.5,False,False,True
2022,house,Illinois,IL,4,Chuy García,Democratic,68.4,True,True,False
2022,house,Illinois,IL,4,James Falakos,Republican,28.1,False,False,False
2022,house,Illinois,IL,4,Working Class,Working Class,3.5,False,False,False
2022,house,Illinois,IL,5,Mike Quigley,Democratic,69.6,True,True,False
2022,house,Illinois,IL,5,Tommy Hanson,Republican,28.8,False,False,False
2022,house,Illinois,IL,5,Jerico Cruz,Independent,1.6,False,False,False
2022,house,Illinois,IL,6,Sean Casten,Democratic,54.4,True,True,False
2022,house,Illinois,IL,6,Keith Pekau,Republican,45.6,False,False,False
2022,house,Illinois,IL,7,Danny Davis,Democratic,100.0,True,True,False
2022,house,Illinois,IL,8,Raja Krishnamoorthi,Democratic,56.9,True,True,False
2022,house,Illinois,IL,8,Chris Dargis,Republican,43.1,False,False,False
2022,house,Illinois,IL,9,Jan Schakowsky,Democratic,71.7,True,True,False
2022,house,Illinois,IL,9,Max Rice,Republican,28.3,False,False,False
2022,house,Illinois,IL,10,Brad Schneider,Democratic,63.0,True,True,False
2022,house,Illinois,IL,10,Joseph Severino,Republican,37.0,False,False,False
2022,house,Illinois,IL,11,Bill Foster,Democratic,56.5,True,True,False
2022,house,Illinois,IL,11,Catalina Lauf,Republican,43.5,False,False,False
2022,house,Illinois,IL,12,Mike Bost,Republican,75.0,True,True,False
2022,house,Illinois,IL,12,Chip Markel,Democratic,25.0,False,False,False
2022,house,Illinois,IL,13,Nikki Budzinski,Democratic,56.6,True,False,True
2022,house,Illinois,IL,13,Regan Deering,Republican,43.4,False,False,True
2022,house,Illinois,IL,14,Lauren Underwood,Democratic,54.2,True,True,False
2022,house,Illinois,IL,14,Scott Gryder,Republican,45.8,False,False,False
2022,house,Illinois,IL,15,Mary Miller,Republican,71.1,True,True,False
2022,house,Illinois,IL,15,Paul Lange,Democratic,28.9,False,False,False
2022,house,Illinois,IL,16,Darin LaHood,Republican,66.3,True,False,True
2022,house,Illinois,IL,16,Elizabeth Haderlein,Democratic,33.7,False,False,True
2022,house,Illinois,IL,17,Eric Sorensen,Democratic,52.0,True,False,True
2022,house,Illinois,IL,17,Esther Joy King,Republican,48.0,False,False,True
2022,house,Indiana,IN,1,Frank J. Mrvan,Democratic,52.8,True,True,False
2022,house,Indiana,IN,1,Jennifer-Ruth Green,Republican,47.2,False,False,False
2022,house,Indiana,IN,2,Rudy Yakym,Republican,64.6,True,False,True
2022,house,Indiana,IN,2,Paul Steury,Democratic,32.4,False,False,True
2022,house,Indiana,IN,2,William Henry,Libertarian,3.0,False,False,True
2022,house,Indiana,IN,3,Jim Banks,Republican,65.3,True,True,False
2022,house,Indiana,IN,3,Gary Snyder,Democratic,30.1,False,False,False
2022,house,Indiana,IN,3,Nathan Gotsch,Independent,4.7,False,False,False
2022,house,Indiana,IN,4,Jim Baird,Republican,68.2,True,True,False
2022,house,Indiana,IN,4,Roger Day,Democratic,31.8,False,False,False
2022,house,Indiana,IN,5,Victoria Spartz,Republican,61.1,True,True,False
2022,house,Indiana,IN,5,Jeannine Lee Lake,Democratic,38.9,False,False,False
2022,house,Indiana,IN,6,Greg Pence,Republican,67.5,True,True,False
2022,house,Indiana,IN,6,Cinde Wirth,Democratic,32.5,False,False,False
2022,house,Indiana,IN,7,André Carson,Democratic,67.0,True,True,False
2022,house,Indiana,IN,7,Angela Grabovsky,Republican,30.6,False,False,False
2022,house,Indiana,IN,7,Gavin Maple,Libertarian,2.4,False,False,False
2022,house,Indiana,IN,8,Larry Bucshon,Republican,65.7,True,True,False
2022,house,Indiana,IN,8,Ray McCormick,Democratic,31.5,False,False,False
2022,house,Indiana,IN,8,Andrew Horning,Libertarian,2.7,False,False,False
2022,house,Indiana,IN,9,Erin Houchin,Republican,63.6,True,False,True
2022,house,Indiana,IN,9,Matthew Fyfe,Democratic,33.6,False,False,True
2022,house,Indiana,IN,9,Tonya Millis,Libertarian,2.8,False,False,True
2022,house,Iowa,IA,1,Mariannette Miller-Meeks,Republican,53.4,True,False,False
2022,house,Iowa,IA,1,Christina Bohannan,Democratic,46.6,False,False,False
2022,house,Iowa,IA,2,Ashley Hinson,Republican,54.1,True,False,False
2022,house,Iowa,IA,2,Liz Mathis,Democratic,45.9,False,False,False
2022,house,Iowa,IA,3,Zach Nunn,Republican,50.3,True,False,False
2022,house,Iowa,IA,3,Cindy Axne,Democratic,49.6,False,True,False
2022,house,Iowa,IA,4,Randy Feenstra,Republican,67.4,True,True,False
2022,house,Iowa,IA,4,Ryan Melton,Democratic,30.4,False,False,False
2022,house,Kansas,KS,1,Tracey Mann,Republican,67.7,True,True,False
2022,house,Kansas,KS,1,Jimmy Beard,Democratic,32.3,False,False,False
2022,house,Kansas,KS,2,Jake LaTurner,Republican,57.6,True,True,False
2022,house,Kansas,KS,2,Patrick Schmidt,Democratic,42.4,False,False,False
2022,house,Kansas,KS,3,Sharice Davids,Democratic,54.9,True,True,False
2022,house,Kansas,KS,3,Amanda Adkins,Republican,42.8,False,False,False
2022,house,Kansas,KS,3,Steven Hohe,Libertarian,2.3,False,False,False
2022,house,Kansas,KS,4,Ron Estes,Republican,63.3,True,True,False
2022,house,Kansas,KS,4,Bob Hernandez,Democratic,36.7,False,False,False
2022,house,Kentucky,KY,1,James Comer,Republican,74.9,True,True,False
2022,house,Kentucky,KY,1,Jimmy Ausbrooks,Democratic,25.1,False,False,False
2022,house,Kentucky,KY,2,Brett Guthrie,Republican,71.9,True,True,False
2022,house,Kentucky,KY,2,Hank Linderman,Democratic,28.1,False,False,False
2022,house,Kentucky,KY,3,Morgan McGarvey,Democratic,62.0,True,False,True
2022,house,Kentucky,KY,3,Stuart Ray,Republican,38.0,False,False,True
2022,house,Kentucky,KY,4,Thomas Massie,Republican,65.0,True,True,False
2022,house,Kentucky,KY,4,Matt Lehman,Democratic,31.0,False,False,False
2022,house,Kentucky,KY,4,independent,Pirate,3.9,False,False,False
2022,house,Kentucky,KY,5,Hal Rogers,Republican,82.2,True,True,False
2022,house,Kentucky,KY,5,Conor Halbleib,Democratic,17.8,False,False,False
2022,house,Kentucky,KY,6,Andy Barr,Republican,65.1,True,True,False
2022,house,Kentucky,KY,6,Geoff Young,Democratic,34.9,False,False,False
2022,house,Louisiana,LA,1,Steve Scalise,Republican,72.8,True,True,False
2022,house,Louisiana,LA,1,Katie Darling,Democratic,25.2,False,False,False
2022,house,Louisiana,LA,1,Howard Kearney,Libertarian,2.0,False,False,False
2022,house,Louisiana,LA,2,Troy Carter,Democratic,77.1,True,True,False
2022,house,Louisiana,LA,2,Dan Lux,Republican,22.9,False,False,False
2022,house,Louisiana,LA,3,Clay Higgins,Republican,64.3,True,True,False
2022,house,Louisiana,LA,3,Holden Hoggatt,Republican,10.9,False,False,False
2022,house,Louisiana,LA,3,Lessie LeBlanc,Democratic,10.5,False,False,False
2022,house,Louisiana,LA,3,Tia LeBrun,Democratic,9.4,False,False,False
2022,house,Louisiana,LA,4,Mike Johnson,Republican,100.0,True,True,False
2022,house,Louisiana,LA,5,Julia Letlow,Republican,67.6,True,True,False
2022,house,Louisiana,LA,5,Oscar Dantzler,Democratic,15.7,False,False,False
2022,house,Louisiana,LA,5,Walter Huff,Democratic,8.7,False,False,False
2022,house,Louisiana,LA,5,Allen Guillory,Republican,5.4,False,False,False
2022,house,Louisiana,LA,5,Hunter Pullen,Republican,2.6,False,False,False
2022,house,Louisiana,LA,6,Garret Graves,Republican,80.4,True,True,False
2022,house,Louisiana,LA,6,Rufus Craig,Libertarian,13.0,False,False,False
2022,house,Louisiana,LA,6,Brian Belzer,Republican,6.6,False,False,False
2022,house,Maine,ME,1,Chellie Pingree,Democratic,62.9,True,True,False
2022,house,Maine,ME,1,Ed Thelander,Republican,37.0,False,False,False
2022,house,Maine,ME,2,Jared Golden,Democratic,48.4,False,True,False
2022,house,Maine,ME,2,Bruce Poliquin,Republican,44.6,False,False,False
2022,house,Maine,ME,2,Tiffany Bond,Independent,6.8,False,False,False
2022,house,Maine,ME,2,Jared Golden,Democratic,53.1,True,True,False
2022,house,Maine,ME,2,Bruce Poliquin,Republican,46.9,False,False,False
2022,house,Maryland,MD,1,Andy Harris,Republican,54.4,True,True,False
2022,house,Maryland,MD,1,Heather Mizeur,Democratic,43.1,False,False,False
2022,house,Maryland,MD,1,Daniel Thibeault,Libertarian,2.4,False,False,False
2022,house,Maryland,MD,2,Dutch Ruppersberger,Democratic,59.2,True,True,False
2022,house,Maryland,MD,2,Nicolee Ambrose,Republican,40.6,False,False,False
2022,house,Maryland,MD,3,John Sarbanes,Democratic,60.2,True,True,False
2022,house,Maryland,MD,3,Yuripzy Morgan,Republican,39.7,False,False,False
2022,house,Maryland,MD,4,Glenn Ivey,Democratic,90.1,True,False,True
2022,house,Maryland,MD,4,Jeff Warner,Republican,9.7,False,False,True
2022,house,Maryland,MD,5,Steny Hoyer,Democratic,65.9,True,True,False
2022,house,Maryland,MD,5,Chris Palombi,Republican,33.9,False,False,False
2022,house,Maryland,MD,6,David Trone,Democratic,54.7,True,True,False
2022,house,Maryland,MD,6,Neil Parrott,Republican,45.2,False,False,False
2022,house,Maryland,MD,7,Kweisi Mfume,Democratic,82.1,True,True,True
2022,house,Maryland,MD,7,Scott Collier,Republican,17.7,False,False,True
2022,house,Maryland,MD,8,Jamie Raskin,Democratic,80.2,True,True,False
2022,house,Maryland,MD,8,Gregory Coll,Republican,18.2,False,False,False
2022,house,Maryland,MD,8,Andres Garcia,Libertarian,1.6,False,False,False
2022,house,Massachusetts,MA,1,Richard Neal,Democratic,61.6,True,True,False
2022,house,Massachusetts,MA,1,Dean Martilli,Republican,38.4,False,False,False
2022,house,Massachusetts,MA,2,Jim McGovern,Democratic,66.3,True,True,False
2022,house,Massachusetts,MA,2,Jeffrey Sossa-Paquette,Republican,33.7,False,False,False
2022,house,Massachusetts,MA,3,Lori Trahan,Democratic,63.6,True,True,False
2022,house,Massachusetts,MA,3,Dean Tran,Republican,36.4,False,False,False
2022,house,Massachusetts,MA,4,Jake Auchincloss,Democratic,100.0,True,True,False
2022,house,Massachusetts,MA,5,Katherine Clark,Democratic,73.8,True,True,False
2022,house,Massachusetts,MA,5,Caroline Colarusso,Republican,26.2,False,False,False
2022,house,Massachusetts,MA,6,Seth Moulton,Democratic,62.9,True,True,False
2022,house,Massachusetts,MA,6,Bob May,Republican,35.2,False,False,False
2022,house,Massachusetts,MA,6,Mark Tashjian,Libertarian,1.9,False,False,False
2022,house,Massachusetts,MA,7,Ayanna Pressley,Democratic,84.8,True,True,False
2022,house,Massachusetts,MA,7,Donnie Palmer Jr.,Republican,15.2,False,False,False
2022,house,Massachusetts,MA,8,Stephen Lynch,Democratic,69.8,True,True,False
2022,house,Massachusetts,MA,8,Robert Burke,Republican,30.2,False,False,False
2022,house,Massachusetts,MA,9,Bill Keating,Democratic,59.2,True,True,False
2022,house,Massachusetts,MA,9,Jesse Brown,Republican,40.8,False,False,False
2022,house,Michigan,MI,1,Jack Bergman,Republican,60.0,True,True,False
2022,house,Michigan,MI,1,Bob Lorinser,Democratic,37.4,False,False,False
2022,house,Michigan,MI,2,John Moolenaar,Republican,63.7,True,False,False
2022,house,Michigan,MI,2,Jerry Hilliard,Democratic,34.3,False,False,False
2022,house,Michigan,MI,2,Nathan Hewer,Libertarian,2.0,False,False,False
2022,house,Michigan,MI,3,Hillary Scholten,Democratic,54.9,True,False,False
2022,house,Michigan,MI,3,John Gibbs,Republican,42.0,False,False,False
2022,house,Michigan,MI,4,Bill Huizenga,Republican,54.4,True,False,True
2022,house,Michigan,MI,4,Joseph Alfonso,Democratic,42.5,False,False,True
2022,house,Michigan,MI,4,Lorence Wenke,Libertarian,2.5,False,False,True
2022,house,Michigan,MI,5,Tim Walberg,Republican,62.4,True,False,False
2022,house,Michigan,MI,5,Bart Goldberg,Democratic,35.0,False,False,False
2022,house,Michigan,MI,6,Debbie Dingell,Democratic,65.9,True,False,False
2022,house,Michigan,MI,6,Whittney Williams,Republican,34.1,False,False,False
2022,house,Michigan,MI,7,Elissa Slotkin,Democratic,51.7,True,False,False
2022,house,Michigan,MI,7,Tom Barrett,Republican,46.3,False,False,False
2022,house,Michigan,MI,7,Leah Dailey,Libertarian,2.0,False,False,False
2022,house,Michigan,MI,8,Dan Kildee,Democratic,53.1,True,False,False
2022,house,Michigan,MI,8,Paul Junge,Republican,42.8,False,False,False
2022,house,Michigan,MI,8,David Canny,Libertarian,1.4,False,False,False
2022,house,Michigan,MI,9,Lisa McClain,Republican,63.9,True,False,False
2022,house,Michigan,MI,9,Brian Jaye,Democratic,33.2,False,False,False
2022,house,Michigan,MI,10,John James,Republican,48.8,True,False,True
2022,house,Michigan,MI,10,Carl Marlinga,Democratic,48.3,False,False,True
2022,house,Michigan,MI,10,Mike Saliba,Libertarian,1.1,False,False,True
2022,house,Michigan,MI,11,Haley Stevens,Democratic,61.3,True,True,False
2022,house,Michigan,MI,11,Mark Ambrose,Republican,38.7,False,False,False
2022,house,Michigan,MI,12,Rashida Tlaib,Democratic,70.8,True,False,True
2022,house,Michigan,MI,12,Steven Elliott,Republican,26.3,False,False,True
2022,house,Michigan,MI,13,Shri Thanedar,Democratic,71.1,True,False,True
2022,house,Michigan,MI,13,Martell Bivings,Republican,24.0,False,False,True
2022,house,Minnesota,MN,1,Brad Finstad,Republican,53.9,True,True,False
2022,house,Minnesota,MN,1,Jeff Ettinger,Minnesota Democratic–Farmer–Labor,42.3,False,False,False
2022,house,Minnesota,MN,2,Angie Craig,Minnesota Democratic–Farmer–Labor,51.0,True,True,True
2022,house,Minnesota,MN,2,Tyler Kistner,Republican,45.7,False,False,True
2022,house,Minnesota,MN,2,Paula Overby,Legal Marijuana Now,3.3,False,False,True
2022,house,Minnesota,MN,3,Dean Phillips,Minnesota Democratic–Farmer–Labor,59.6,True,True,False
2022,house,Minnesota,MN,3,Tom Weiler,Republican,40.4,False,False,False
2022,house,Minnesota,MN,4,Betty McCollum,Minnesota Democratic–Farmer–Labor,67.7,True,True,False
2022,house,Minnesota,MN,4,May Lor Xiong,Republican,32.3,False,False,False
2022,house,Minnesota,MN,5,Ilhan Omar,Minnesota Democratic–Farmer–Labor,75.2,True,True,False
2022,house,Minnesota,MN,5,Cicely Davis,Republican,24.8,False,False,False
2022,house,Minnesota,MN,6,Tom Emmer,Republican,62.1,True,True,False
2022,house,Minnesota,MN,6,Jeanne Hendricks,Minnesota Democratic–Farmer–Labor,37.9,False,False,False
2022,house,Minnesota,MN,7,Michelle Fischbach,Republican,67.0,True,True,False
2022,house,Minnesota,MN,7,Jill Abahsain,Minnesota Democratic–Farmer–Labor,27.6,False,False,False
2022,house,Minnesota,MN,8,Pete Stauber,Republican,57.2,True,True,False
2022,house,Minnesota,MN,8,Jennifer Schultz,Minnesota Democratic–Farmer–Labor,42.8,False,False,False
2022,house,Mississippi,MS,1,Trent Kelly,Republican,73.0,True,True,False
2022,house,Mississippi,MS,1,Dianne Black,Democratic,27.0,False,False,False
2022,house,Mississippi,MS,2,Bennie Thompson,Democratic,60.1,True,True,False
2022,house,Mississippi,MS,2,Brian Flowers,Republican,39.9,False,False,False
2022,house,Mississippi,MS,3,Michael Guest,Republican,70.7,True,True,False
2022,house,Mississippi,MS,3,Shuwaski Young,Democratic,29.3,False,False,False
2022,house,Mississippi,MS,4,Mike Ezell,Republican,73.3,True,False,False
2022,house,Mississippi,MS,4,Johnny DuPree,Democratic,24.6,False,False,False
2022,house,Mississippi,MS,4,Alden Johnson,Libertarian,2.0,False,False,False
2022,house,Missouri,MO,1,Cori Bush,Democratic,72.9,True,True,False
2022,house,Missouri,MO,1,Andrew Jones,Republican,24.3,False,False,False
2022,house,Missouri,MO,1,George Zsidisin,Libertarian,2.8,False,False,False
2022,house,Missouri,MO,2,Ann Wagner,Republican,54.9,True,True,False
2022,house,Missouri,MO,2,Trish Gunby,Democratic,43.1,False,False,False
2022,house,Missouri,MO,2,Bill Slantz,Libertarian,2.1,False,False,False
2022,house,Missouri,MO,3,Blaine Luetkemeyer,Republican,65.1,True,True,False
2022,house,Missouri,MO,3,Bethany Mann,Democratic,34.9,False,False,False
2022,house,Missouri,MO,4,Mark Alford,Republican,71.3,True,False,True
2022,house,Missouri,MO,4,Jack Truman,Democratic,26.3,False,False,True
2022,house,Missouri,MO,4,Randy Langkraehr,Libertarian,2.4,False,False,True
2022,house,Missouri,MO,5,Emanuel Cleaver,Democratic,61.0,True,True,False
2022,house,Missouri,MO,5,Jacob Turk,Republican,36.4,False,False,False
2022,house,Missouri,MO,5,Robin Dominick,Libertarian,2.5,False,False,False
2022,house,Missouri,MO,6,Sam Graves,Republican,70.3,True,True,False
2022,house,Missouri,MO,6,Henry Martin,Democratic,27.5,False,False,False
2022,house,Missouri,MO,6,Andy Maidment,Libertarian,2.2,False,False,False
2022,house,Missouri,MO,7,Eric Burlison,Republican,70.9,True,False,True
2022,house,Missouri,MO,7,Kristen Radaker-Sheafer,Democratic,26.8,False,False,True
2022,house,Missouri,MO,7,Kevin Craig,Libertarian,2.3,False,False,True
2022,house,Missouri,MO,8,Jason Smith,Republican,76.0,True,True,False
2022,house,Missouri,MO,8,Randi McCallian,Democratic,21.9,False,False,False
2022,house,Missouri,MO,8,Jim Higgins,Libertarian,2.1,False,False,False
2022,house,Montana,MT,1,Ryan Zinke,Republican,49.6,True,False,True
2022,house,Montana,MT,1,Monica Tranel,Democratic,46.5,False,False,True
2022,house,Montana,MT,1,John Lamb,Libertarian,3.8,False,False,True
2022,house,Montana,MT,2,Matt Rosendale,Republican,56.6,True,False,False
2022,house,Montana,MT,2,Gary Buchanan,Independent,21.9,False,False,False
2022,house,Montana,MT,2,Penny Ronning,Democratic,20.2,False,False,False
2022,house,Montana,MT,2,Sam Rankin,Libertarian,1.4,False,False,False
2022,house,Nebraska,NE,1,Mike Flood,Republican,58.1,True,True,False
2022,house,Nebraska,NE,1,Patty Pansing Brooks,Democratic,41.9,False,False,False
2022,house,Nebraska,NE,2,Don Bacon,Republican,51.5,True,True,False
2022,house,Nebraska,NE,2,Tony Vargas,Democratic,48.5,False,False,False
2022,house,Nebraska,NE,3,Adrian Smith,Republican,78.3,True,True,False
2022,house,Nebraska,NE,3,David Else,Democratic,15.8,False,False,False
2022,house,Nevada,NV,1,Dina Titus,Democratic,51.6,True,True,False
2022,house,Nevada,NV,1,Mark Robertson,Republican,46.0,False,False,False
2022,house,Nevada,NV,1,Ken Cavanaugh,Libertarian,2.5,False,False,False
2022,house,Nevada,NV,2,Mark Amodei,Republican,59.7,True,True,False
2022,house,Nevada,NV,2,Elizabeth Krause,Democratic,37.8,False,False,False
2022,house,Nevada,NV,2,Independent American,Independent American,1.4,False,False,False
2022,house,Nevada,NV,2,Darryl Baber,Libertarian,1.1,False,False,False
2022,house,Nevada,NV,3,Susie Lee,Democratic,52.0,True,True,False
2022,house,Nevada,NV,3,April Becker,Republican,48.0,False,False,False
2022,house,Nevada,NV,4,Steven Horsford,Democratic,52.4,True,True,False
2022,house,Nevada,NV,4,Sam Peters,Republican,47.6,False,False,False
2022,house,New Hampshire,NH,1,Chris Pappas,Democratic,54.0,True,True,False
2022,house,New Hampshire,NH,1,Karoline Leavitt,Republican,45.9,False,False,False
2022,house,New Hampshire,NH,2,Annie Kuster,Democratic,55.8,True,True,False
2022,house,New Hampshire,NH,2,Robert Burns,Republican,44.1,False,False,False
2022,house,New Jersey,NJ,1,Donald Norcross,Democratic,62.3,True,True,False
2022,house,New Jersey,NJ,1,Claire Gustafson,Republican,35.2,False,False,False
2022,house,New Jersey,NJ,2,Jeff Van Drew,Republican,58.9,True,True,False
2022,house,New Jersey,NJ,2,Tim Alexander,Democratic,40.0,False,False,False
2022,house,New Jersey,NJ,3,Andy Kim,Democratic,55.5,True,True,False
2022,house,New Jersey,NJ,3,Bob Healey Jr.,Republican,43.6,False,False,False
2022,house,New Jersey,NJ,4,Chris Smith,Republican,66.9,True,True,False
2022,house,New Jersey,NJ,4,Matthew Jenkins,Democratic,31.4,False,False,False
2022,house,New Jersey,NJ,5,Josh Gottheimer,Democratic,54.7,True,True,False
2022,house,New Jersey,NJ,5,Frank Pallotta,Republican,44.3,False,False,False
2022,house,New Jersey,NJ,6,Frank Pallone,Democratic,57.5,True,True,False
2022,house,New Jersey,NJ,6,Sue Kiley,Republican,41.0,False,False,False
2022,house,New Jersey,NJ,7,Thomas Kean Jr.,Republican,51.4,True,False,False
2022,house,New Jersey,NJ,7,Tom Malinowski,Democratic,48.6,False,True,False
2022,house,New Jersey,NJ,8,Rob Menendez,Democratic,72.9,True,False,True
2022,house,New Jersey,NJ,8,Marcos Arroyo,Republican,24.2,False,False,True
2022,house,New Jersey,NJ,9,Bill Pascrell,Democratic,54.9,True,True,False
2022,house,New Jersey,NJ,9,Billy Prempeh,Republican,43.6,False,False,False
2022,house,New Jersey,NJ,10,Donald Payne Jr.,Democratic,77.6,True,True,False
2022,house,New Jersey,NJ,10,David Pinckney,Republican,20.1,False,False,False
2022,house,New Jersey,NJ,11,Mikie Sherrill,Democratic,59.0,True,True,False
2022,house,New Jersey,NJ,11,Paul DeGroot,Republican,40.2,False,False,False
2022,house,New Jersey,NJ,11,Joseph Biasco,Libertarian,0.8,False,False,False
2022,house,New Jersey,NJ,12,Bonnie Watson Coleman,Democratic,63.1,True,True,False
2022,house,New Jersey,NJ,12,Darius Mayfield,Republican,35.9,False,False,False
2022,house,New Jersey,NJ,12,Lynn Genrich,Libertarian,1.0,False,False,False
2022,house,New Mexico,NM,1,Melanie Stansbury,Democratic,55.8,True,True,False
2022,house,New Mexico,NM,1,Michelle Garcia Holmes,Republican,44.2,False,False,False
2022,house,New Mexico,NM,2,Gabe Vasquez,Democratic,50.3,True,False,False
2022,house,New Mexico,NM,2,Yvette Herrell,Republican,49.7,False,True,False
2022,house,New Mexico,NM,3,Teresa Leger Fernandez,Democratic,58.2,True,True,False
2022,house,New Mexico,NM,3,Alexis Martinez Johnson,Republican,41.8,False,False,False
2022,house,New York,NY,1,Nick LaLota,Republican,55.5,True,False,True
2022,house,New York,NY,1,Bridget Fleming,Democratic,44.5,False,False,True
2022,house,New York,NY,2,Andrew Garbarino,Republican,60.7,True,True,False
2022,house,New York,NY,2,Jackie Gordon,Democratic,39.3,False,False,False
2022,house,New York,NY,3,George Santos,Republican,53.8,True,False,True
2022,house,New York,NY,3,Robert P. Zimmerman,Democratic,46.2,False,False,True
2022,house,New York,NY,4,Anthony D'Esposito,Republican,51.8,True,False,True
2022,house,New York,NY,4,Laura Gillen,Democratic,48.2,False,False,True
2022,house,New York,NY,5,Gregory Meeks,Democratic,75.2,True,True,False
2022,house,New York,NY,5,Paul King,Republican,24.8,False,False,False
2022,house,New York,NY,6,Grace Meng,Democratic,64.0,True,True,False
2022,house,New York,NY,6,Thomas Zmich,Republican,36.0,False,False,False
2022,house,New York,NY,7,Nydia Velázquez,Democratic,80.7,True,True,False
2022,house,New York,NY,7,Juan Pagan,Republican,19.3,False,False,False
2022,house,New York,NY,8,Hakeem Jeffries,Democratic,71.7,True,True,False
2022,house,New York,NY,8,Yuri Dashevsky,Republican,28.3,False,False,False
2022,house,New York,NY,9,Yvette Clarke,Democratic,81.5,True,True,False
2022,house,New York,NY,9,Conservative,Conservative,18.5,False,False,False
2022,house,New York,NY,10,Dan Goldman,Democratic,84.0,True,False,False
2022,house,New York,NY,10,Benine Hamdan,Republican,15.2,False,False,False
2022,house,New York,NY,11,Nicole Malliotakis,Republican,61.8,True,True,False
2022,house,New York,NY,11,Max Rose,Democratic,38.2,False,False,False
2022,house,New York,NY,12,Jerry Nadler,Democratic,81.8,True,False,False
2022,house,New York,NY,12,Michael Zumbluskas,Republican,18.0,False,False,False
2022,house,New York,NY,12,Mikhail Itkis,Independent,0.3,False,False,False
2022,house,New York,NY,13,Adriano Espaillat,Democratic,100.0,True,True,False
2022,house,New York,NY,14,Alexandria Ocasio-Cortez,Democratic,70.7,True,True,False
2022,house,New York,NY,14,Tina Forte,Republican,27.4,False,False,False
2022,house,New York,NY,15,Ritchie Torres,Democratic,82.8,True,True,False
2022,house,New York,NY,15,Stylo Sapaskis,Republican,17.2,False,False,False
2022,house,New York,NY,16,Jamaal Bowman,Democratic,64.3,True,True,False
2022,house,New York,NY,16,Miriam Flisser,Republican,35.7,False,False,False
2022,house,New York,NY,17,Mike Lawler,Republican,50.3,True,False,False
2022,house,New York,NY,17,Sean Patrick Maloney,Democratic,49.7,False,False,False
2022,house,New York,NY,18,Pat Ryan,Democratic,50.7,True,False,False
2022,house,New York,NY,18,Colin Schmitt,Republican,49.3,False,False,False
2022,house,New York,NY,19,Marc Molinaro,Republican,50.8,True,False,True
2022,house,New York,NY,19,Josh Riley,Democratic,49.2,False,False,True
2022,house,New York,NY,20,Paul Tonko,Democratic,55.1,True,True,False
2022,house,New York,NY,20,Elizabeth Joy,Republican,44.9,False,False,False
2022,house,New York,NY,21,Elise Stefanik,Republican,59.2,True,True,False
2022,house,New York,NY,21,Matt Castelli,Democratic,40.8,False,False,False
2022,house,New York,NY,22,Brandon Williams,Republican,50.5,True,False,True
2022,house,New York,NY,22,Francis Conole,Democratic,49.5,False,False,True
2022,house,New York,NY,23,Nick Langworthy,Republican,64.9,True,False,True
2022,house,New York,NY,23,Max Della Pia,Democratic,35.1,False,False,True
2022,house,New York,NY,24,Claudia Tenney,Republican,65.7,True,False,False
2022,house,New York,NY,24,Steven Holden,Democratic,34.3,False,False,False
2022,house,New York,NY,25,Joseph Morelle,Democratic,53.9,True,True,False
2022,house,New York,NY,25,La'Ron Singletary,Republican,46.1,False,False,False
2022,house,New York,NY,26,Brian Higgins,Democratic,64.0,True,True,False
2022,house,New York,NY,26,Steven Sams,Republican,36.0,False,False,False
2022,house,North Carolina,NC,1,Don Davis,Democratic,52.4,True,False,True
2022,house,North Carolina,NC,1,Sandy Smith,Republican,47.6,False,False,True
2022,house,North Carolina,NC,2,Deborah Ross,Democratic,64.7,True,True,False
2022,house,North Carolina,NC,2,Christine Villaverde,Republican,35.3,False,False,False
2022,house,North Carolina,NC,3,Greg Murphy,Republican,66.9,True,True,False
2022,house,North Carolina,NC,3,Barbara Gaskins,Democratic,33.1,False,False,False
2022,house,North Carolina,NC,4,Valerie Foushee,Democratic,66.9,True,False,True
2022,house,North Carolina,NC,4,Courtney Geels,Republican,33.1,False,False,True
2022,house,North Carolina,NC,5,Virginia Foxx,Republican,63.2,True,True,False
2022,house,North Carolina,NC,5,Kyle Parrish,Democratic,36.8,False,False,False
2022,house,North Carolina,NC,6,Kathy Manning,Democratic,53.9,True,True,False
2022,house,North Carolina,NC,6,Christian Castelli,Republican,45.0,False,False,False
2022,house,North Carolina,NC,6,Thomas Watercott,Libertarian,1.1,False,False,False
2022,house,North Carolina,NC,7,David Rouzer,Republican,57.7,True,True,False
2022,house,North Carolina,NC,7,Charles Graham,Democratic,42.3,False,False,False
2022,house,North Carolina,NC,8,Dan Bishop,Republican,69.9,True,False,False
2022,house,North Carolina,NC,8,Scott Huffman,Democratic,30.1,False,False,False
2022,house,North Carolina,NC,9,Richard Hudson,Republican,56.5,True,False,True
2022,house,North Carolina,NC,9,Ben Clark,Democratic,43.5,False,False,True
2022,house,North Carolina,NC,10,Patrick McHenry,Republican,72.7,True,True,False
2022,house,North Carolina,NC,10,Pam Genant,Democratic,27.3,False,False,False
2022,house,North Carolina,NC,11,Chuck Edwards,Republican,53.8,True,False,False
2022,house,North Carolina,NC,11,Jasmine Beach-Ferrara,Democratic,44.5,False,False,False
2022,house,North Carolina,NC,11,David Coatney,Libertarian,1.7,False,False,False
2022,house,North Carolina,NC,12,Alma Adams,Democratic,62.7,True,True,False
2022,house,North Carolina,NC,12,Tyler Lee,Republican,37.3,False,False,False
2022,house,North Carolina,NC,13,Wiley Nickel,Democratic,51.6,True,False,True
2022,house,North Carolina,NC,13,Bo Hines,Republican,48.4,False,False,True
2022,house,North Carolina,NC,14,Jeff Jackson,Democratic,57.7,True,False,True
2022,house,North Carolina,NC,14,Pat Harrigan,Republican,42.3,False,False,True
2022,house,North Dakota,ND,AL,Kelly Armstrong,Republican,62.3,True,True,False
2022,house,North Dakota,ND,AL,Cara Mund,Independent,37.7,False,False,False
2022,house,Ohio,OH,1,Greg Landsman,Democratic,52.8,True,False,False
2022,house,Ohio,OH,1,Steve Chabot,Republican,47.2,False,True,False
2022,house,Ohio,OH,2,Brad Wenstrup,Republican,74.5,True,True,False
2022,house,Ohio,OH,2,Samantha Meadows,Democratic,25.5,False,False,False
2022,house,Ohio,OH,3,Joyce Beatty,Democratic,70.5,True,True,False
2022,house,Ohio,OH,3,Lee Stahley,Republican,29.5,False,False,False
2022,house,Ohio,OH,4,Jim Jordan,Republican,69.2,True,True,False
2022,house,Ohio,OH,4,Tamie Wilson,Democratic,30.8,False,False,False
2022,house,Ohio,OH,5,Bob Latta,Republican,66.9,True,True,False
2022,house,Ohio,OH,5,Craig Swartz,Democratic,33.1,False,False,False
2022,house,Ohio,OH,6,Bill Johnson,Republican,67.7,True,True,False
2022,house,Ohio,OH,6,Louis Lyras,Democratic,32.3,False,False,False
2022,house,Ohio,OH,7,Max Miller,Republican,55.3,True,False,True
2022,house,Ohio,OH,7,Matthew Diemer,Democratic,44.6,False,False,True
2022,house,Ohio,OH,8,Warren Davidson,Republican,64.6,True,True,False
2022,house,Ohio,OH,8,Vanessa Enoch,Democratic,35.4,False,False,False
2022,house,Ohio,OH,9,Marcy Kaptur,Democratic,56.6,True,True,False
2022,house,Ohio,OH,9,J.&nbsp;R. Majewski,Republican,43.4,False,False,False
2022,house,Ohio,OH,10,Mike Turner,Republican,61.7,True,True,False
2022,house,Ohio,OH,10,David Esrati,Democratic,38.3,False,False,False
2022,house,Ohio,OH,11,Shontel Brown,Democratic,77.8,True,True,False
2022,house,Ohio,OH,11,Eric Brewer,Republican,22.2,False,False,False
2022,house,Ohio,OH,12,Troy Balderson,Republican,69.3,True,True,False
2022,house,Ohio,OH,12,Amy Rippel-Elton,Democratic,30.7,False,False,False
2022,house,Ohio,OH,13,Emilia Sykes,Democratic,52.7,True,False,True
2022,house,Ohio,OH,13,Madison Gesiotto Gilbert,Republican,47.3,False,False,True
2022,house,Ohio,OH,14,David Joyce,Republican,61.7,True,True,False
2022,house,Ohio,OH,14,Matt Kilboy,Democratic,38.3,False,False,False
2022,house,Ohio,OH,15,Mike Carey,Republican,57.0,True,True,False
2022,house,Ohio,OH,15,Gary Josephson,Democratic,43.0,False,False,False
2022,house,Oklahoma,OK,1,Kevin Hern,Republican,61.2,True,True,False
2022,house,Oklahoma,OK,1,Adam Martin,Democratic,34.7,False,False,False
2022,house,Oklahoma,OK,1,Evelyn Rogers,Independent,4.2,False,False,False
2022,house,Oklahoma,OK,2,Josh Brecheen,Republican,72.4,True,False,True
2022,house,Oklahoma,OK,2,Naomi Andrews,Democratic,23.4,False,False,True
2022,house,Oklahoma,OK,2,Ben Robinson,Independent,4.2,False,False,True
2022,house,Oklahoma,OK,3,Frank Lucas,Republican,74.5,True,True,False
2022,house,Oklahoma,OK,3,Jeremiah Ross,Democratic,25.5,False,False,False
2022,house,Oklahoma,OK,4,Tom Cole,Republican,66.8,True,True,False
2022,house,Oklahoma,OK,4,Mary Brannon,Democratic,33.2,False,False,False
2022,house,Oklahoma,OK,5,Stephanie Bice,Republican,59.0,True,True,False
2022,house,Oklahoma,OK,5,Joshua Harris-Till,Democratic,37.4,False,False,False
2022,house,Oklahoma,OK,5,David Frosch,Independent,3.6,False,False,False
2022,house,Oregon,OR,1,Suzanne Bonamici,Democratic,68.0,True,True,False
2022,house,Oregon,OR,1,Christopher Mann,Republican,32.0,False,False,False
2022,house,Oregon,OR,2,Cliff Bentz,Republican,67.6,True,True,False
2022,house,Oregon,OR,2,Joe Yetter,Democratic,32.4,False,False,False
2022,house,Oregon,OR,3,Earl Blumenauer,Democratic,70.0,True,True,False
2022,house,Oregon,OR,3,Joanna Harbour,Republican,26.3,False,False,False
2022,house,Oregon,OR,3,Pacific Green,Pacific Green,3.6,False,False,False
2022,house,Oregon,OR,4,Val Hoyle,Democratic,50.6,True,False,True
2022,house,Oregon,OR,4,Alek Skarlatos,Republican,43.1,False,False,True
2022,house,Oregon,OR,5,Lori Chavez-DeRemer,Republican,50.9,True,False,False
2022,house,Oregon,OR,5,Jamie McLeod-Skinner,Democratic,48.8,False,False,False
2022,house,Oregon,OR,6,Andrea Salinas,Democratic,50.0,True,False,True
2022,house,Oregon,OR,6,Mike Erickson,Republican,47.5,False,False,True
2022,house,Pennsylvania,PA,1,Brian Fitzpatrick,Republican,54.9,True,True,False
2022,house,Pennsylvania,PA,1,Ashley Ehasz,Democratic,45.1,False,False,False
2022,house,Pennsylvania,PA,2,Brendan Boyle,Democratic,75.7,True,True,False
2022,house,Pennsylvania,PA,2,Aaron Bashir,Republican,24.3,False,False,False
2022,house,Pennsylvania,PA,3,Dwight Evans,Democratic,95.1,True,True,False
2022,house,Pennsylvania,PA,4,Madeleine Dean,Democratic,61.3,True,True,False
2022,house,Pennsylvania,PA,4,Christian Nascimento,Republican,38.7,False,False,False
2022,house,Pennsylvania,PA,5,Mary Gay Scanlon,Democratic,65.1,True,True,False
2022,house,Pennsylvania,PA,5,David Galluch,Republican,34.9,False,False,False
2022,house,Pennsylvania,PA,6,Chrissy Houlahan,Democratic,58.3,True,True,False
2022,house,Pennsylvania,PA,6,Guy Ciarrocchi,Republican,41.7,False,False,False
2022,house,Pennsylvania,PA,7,Susan Wild,Democratic,51.0,True,True,False
2022,house,Pennsylvania,PA,7,Lisa Scheller,Republican,49.0,False,False,False
2022,house,Pennsylvania,PA,8,Matt Cartwright,Democratic,51.2,True,True,False
2022,house,Pennsylvania,PA,8,Jim Bognet,Republican,48.8,False,False,False
2022,house,Pennsylvania,PA,9,Dan Meuser,Republican,69.3,True,True,True
2022,house,Pennsylvania,PA,9,Amanda Waldman,Democratic,30.7,False,False,True
2022,house,Pennsylvania,PA,10,Scott Perry,Republican,53.8,True,True,False
2022,house,Pennsylvania,PA,10,Shamaine Daniels,Democratic,46.2,False,False,False
2022,house,Pennsylvania,PA,11,Lloyd Smucker,Republican,61.5,True,True,False
2022,house,Pennsylvania,PA,11,Bob Hollister,Democratic,38.5,False,False,False
2022,house,Pennsylvania,PA,12,Summer Lee,Democratic,56.2,True,False,True
2022,house,Pennsylvania,PA,12,Mike Doyle,Republican,43.8,False,False,True
2022,house,Pennsylvania,PA,13,John Joyce,Republican,100.0,True,True,False
2022,house,Pennsylvania,PA,14,Guy Reschenthaler,Republican,100.0,True,True,False
2022,house,Pennsylvania,PA,15,Glenn Thompson,Republican,69.9,True,True,False
2022,house,Pennsylvania,PA,15,Mike Molesevich,Democratic,30.1,False,False,False
2022,house,Pennsylvania,PA,16,Mike Kelly,Republican,59.4,True,True,False
2022,house,Pennsylvania,PA,16,Dan Pastore,Democratic,40.6,False,False,False
2022,house,Pennsylvania,PA,17,Chris Deluzio,Democratic,53.4,True,False,True
2022,house,Pennsylvania,PA,17,Jeremy Shaffer,Republican,46.6,False,False,True
2022,house,Rhode Island,RI,1,David Cicilline,Democratic,64.2,True,True,False
2022,house,Rhode Island,RI,1,Allen Waters,Republican,35.8,False,False,False
2022,house,Rhode Island,RI,2,Seth Magaziner,Democratic,50.5,True,False,True
2022,house,Rhode Island,RI,2,Allan Fung,Republican,46.8,False,False,True
2022,house,Rhode Island,RI,2,Moderate,Moderate Party of Rhode Island,2.7,False,False,True
2022,house,South Carolina,SC,1,Nancy Mace,Republican,56.5,True,True,False
2022,house,South Carolina,SC,1,Annie Andrews,Democratic,42.5,False,False,False
2022,house,South Carolina,SC,1,Alliance,Alliance,1.0,False,False,False
2022,house,South Carolina,SC,2,Joe Wilson,Republican,60.1,True,True,False
2022,house,South Carolina,SC,2,Judd Larkins,Democratic,39.9,False,False,False
2022,house,South Carolina,SC,3,Jeff Duncan,Republican,100.0,True,True,False
2022,house,South Carolina,SC,4,William Timmons,Republican,100.0,True,True,False
2022,house,South Carolina,SC,5,Ralph Norman,Republican,64.0,True,True,False
2022,house,South Carolina,SC,5,Evangeline Hundley,Democratic,34.5,False,False,False
2022,house,South Carolina,SC,5,Larry Gaither,Green,1.5,False,False,False
2022,house,South Carolina,SC,6,Jim Clyburn,Democratic,62.1,True,True,False
2022,house,South Carolina,SC,6,Duke Buckner,Republican,37.9,False,False,False
2022,house,South Carolina,SC,7,Russell Fry,Republican,64.9,True,False,False
2022,house,South Carolina,SC,7,Daryl Scott,Democratic,35.1,False,False,False
2022,house,South Dakota,SD,AL,Dusty Johnson,Republican,77.4,True,True,False
2022,house,South Dakota,SD,AL,Collin Duprel,Libertarian,22.6,False,False,False
2022,house,Tennessee,TN,1,Diana Harshbarger,Republican,78.3,True,True,False
2022,house,Tennessee,TN,1,Cameron Parsons,Democratic,19.7,False,False,False
2022,house,Tennessee,TN,2,Tim Burchett,Republican,67.9,True,True,False
2022,house,Tennessee,TN,2,Mark Harmon,Democratic,32.1,False,False,False
2022,house,Tennessee,TN,3,Chuck Fleischmann,Republican,68.4,True,True,False
2022,house,Tennessee,TN,3,Meg Gorman,Democratic,30.2,False,False,False
2022,house,Tennessee,TN,4,Scott DesJarlais,Republican,70.6,True,True,False
2022,house,Tennessee,TN,4,Wayne Steele,Democratic,25.7,False,False,False
2022,house,Tennessee,TN,5,Andy Ogles,Republican,55.8,True,False,True
2022,house,Tennessee,TN,5,Heidi Campbell,Democratic,42.3,False,False,True
2022,house,Tennessee,TN,6,John Rose,Republican,66.3,True,True,False
2022,house,Tennessee,TN,6,Randal Cooper,Democratic,33.7,False,False,False
2022,house,Tennessee,TN,7,Mark Green,Republican,60.0,True,True,False
2022,house,Tennessee,TN,7,Odessa Kelly,Democratic,38.1,False,False,False
2022,house,Tennessee,TN,8,David Kustoff,Republican,74.0,True,True,False
2022,house,Tennessee,TN,8,Lynnette Williams,Democratic,24.3,False,False,False
2022,house,Tennessee,TN,9,Steve Cohen,Democratic,70.0,True,True,False
2022,house,Tennessee,TN,9,Charlotte Bergmann,Republican,26.2,False,False,False
2022,house,Texas,TX,1,Nathaniel Moran,Republican,78.1,True,False,True
2022,house,Texas,TX,1,Jrmar Jefferson,Democratic,21.9,False,False,True
2022,house,Texas,TX,2,Dan Crenshaw,Republican,65.9,True,True,False
2022,house,Texas,TX,2,Robin Fulford,Democratic,34.1,False,False,False
2022,house,Texas,TX,3,Keith Self,Republican,60.5,True,False,False
2022,house,Texas,TX,3,Sandeep Srivastava,Democratic,36.9,False,False,False
2022,house,Texas,TX,3,Christopher J. Claytor,Libertarian,2.5,False,False,False
2022,house,Texas,TX,4,Pat Fallon,Republican,66.7,True,True,False
2022,house,Texas,TX,4,Iro Omere,Democratic,30.9,False,False,False
2022,house,Texas,TX,4,John Simmons,Libertarian,2.4,False,False,False
2022,house,Texas,TX,5,Lance Gooden,Republican,64.0,True,True,False
2022,house,Texas,TX,5,Tartisha Hill,Democratic,34.0,False,False,False
2022,house,Texas,TX,5,Kevin Hale,Libertarian,2.0,False,False,False
2022,house,Texas,TX,6,Jake Ellzey,Republican,100.0,True,True,False
2022,house,Texas,TX,7,Lizzie Fletcher,Democratic,63.8,True,True,False
2022,house,Texas,TX,7,Johnny Teague,Republican,36.2,False,False,False
2022,house,Texas,TX,8,Morgan Luttrell,Republican,68.1,True,False,True
2022,house,Texas,TX,8,Laura Jones,Democratic,30.5,False,False,True
2022,house,Texas,TX,8,Roy Eriksen,Libertarian,1.4,False,False,True
2022,house,Texas,TX,9,Al Green,Democratic,76.7,True,True,False
2022,house,Texas,TX,9,Jimmy Leon,Republican,23.3,False,False,False
2022,house,Texas,TX,10,Michael McCaul,Republican,63.3,True,True,False
2022,house,Texas,TX,10,Linda Nuno,Democratic,34.3,False,False,False
2022,house,Texas,TX,10,Bill Kelsey,Libertarian,2.4,False,False,False
2022,house,Texas,TX,11,August Pfluger,Republican,100.0,True,True,False
2022,house,Texas,TX,12,Kay Granger,Republican,64.3,True,True,False
2022,house,Texas,TX,12,Trey Hunt,Democratic,35.7,False,False,False
2022,house,Texas,TX,13,Ronny Jackson,Republican,75.4,True,True,False
2022,house,Texas,TX,13,Kathleen Brown,Democratic,24.6,False,False,False
2022,house,Texas,TX,14,Randy Weber,Republican,70.2,True,True,False
2022,house,Texas,TX,14,Mikal Williams,Democratic,29.8,False,False,False
2022,house,Texas,TX,15,Monica De La Cruz,Republican,53.3,True,False,True
2022,house,Texas,TX,15,Michelle Vallejo,Democratic,44.8,False,False,True
2022,house,Texas,TX,15,Ross Lynn Leone,Libertarian,1.9,False,False,True
2022,house,Texas,TX,16,Veronica Escobar,Democratic,63.5,True,True,False
2022,house,Texas,TX,16,Irene Armendariz-Jackson,Republican,36.5,False,False,False
2022,house,Texas,TX,17,Pete Sessions,Republican,66.5,True,True,False
2022,house,Texas,TX,17,Mary Jo Woods,Democratic,33.5,False,False,False
2022,house,Texas,TX,18,Sheila Jackson Lee,Democratic,70.7,True,True,False
2022,house,Texas,TX,18,Carmen María Montiel,Republican,26.2,False,False,False
2022,house,Texas,TX,19,Jodey Arrington,Republican,80.3,True,True,False
2022,house,Texas,TX,19,Nathan Lewis,Independent,19.7,False,False,False
2022,house,Texas,TX,20,Joaquin Castro,Democratic,68.4,True,True,False
2022,house,Texas,TX,20,Kyle Sinclair,Republican,31.6,False,False,False
2022,house,Texas,TX,21,Chip Roy,Republican,62.8,True,True,False
2022,house,Texas,TX,21,Claudia Zapata,Democratic,37.2,False,False,False
2022,house,Texas,TX,22,Troy Nehls,Republican,62.2,True,True,False
2022,house,Texas,TX,22,Jamie Jordan,Democratic,35.5,False,False,False
2022,house,Texas,TX,22,Joseph LeBlanc Jr.,Libertarian,2.2,False,False,False
2022,house,Texas,TX,23,Tony Gonzales,Republican,55.9,True,True,False
2022,house,Texas,TX,23,John Lira,Democratic,38.8,False,False,False
2022,house,Texas,TX,23,Frank Lopez,Independent,5.4,False,False,False
2022,house,Texas,TX,24,Beth Van Duyne,Republican,59.7,True,True,False
2022,house,Texas,TX,24,Jan McDowell,Democratic,40.3,False,False,False
2022,house,Texas,TX,25,Roger Williams,Republican,100.0,True,True,False
2022,house,Texas,TX,26,Michael C. Burgess,Republican,69.3,True,True,False
2022,house,Texas,TX,26,Mike Kolls,Libertarian,30.7,False,False,False
2022,house,Texas,TX,27,Michael Cloud,Republican,64.4,True,True,False
2022,house,Texas,TX,27,Maclovio Pérez,Democratic,35.6,False,False,False
2022,house,Texas,TX,28,Henry Cuellar,Democratic,56.7,True,True,False
2022,house,Texas,TX,28,Cassy Garcia,Republican,43.3,False,False,False
2022,house,Texas,TX,29,Sylvia Garcia,Democratic,71.4,True,True,False
2022,house,Texas,TX,29,Robert Schafranek,Republican,28.6,False,False,False
2022,house,Texas,TX,30,Jasmine Crockett,Democratic,75.0,True,False,True
2022,house,Texas,TX,30,James Rodgers,Republican,21.8,False,False,True
2022,house,Texas,TX,30,Zachariah Manning,Independent,2.1,False,False,True
2022,house,Texas,TX,30,Phil Gray,Libertarian,1.0,False,False,True
2022,house,Texas,TX,31,John Carter,Republican,100.0,True,True,False
2022,house,Texas,TX,32,Colin Allred,Democratic,65.4,True,True,False
2022,house,Texas,TX,32,Antonio Swad,Republican,34.6,False,False,False
2022,house,Texas,TX,33,Marc Veasey,Democratic,72.0,True,True,False
2022,house,Texas,TX,33,Patrick Gillespie,Republican,25.6,False,False,False
2022,house,Texas,TX,33,Ken Ashby,Libertarian,2.4,False,False,False
2022,house,Texas,TX,34,Vicente Gonzalez,Democratic,52.7,True,False,False
2022,house,Texas,TX,34,Mayra Flores,Republican,44.2,False,True,False
2022,house,Texas,TX,34,Chris Royal,Independent,3.0,False,False,False
2022,house,Texas,TX,35,Greg Casar,Democratic,72.6,True,False,True
2022,house,Texas,TX,35,Dan McQueen,Republican,27.4,False,False,True
2022,house,Texas,TX,36,Brian Babin,Republican,69.5,True,True,False
2022,house,Texas,TX,36,Jon Haire,Democratic,30.5,False,False,False
2022,house,Texas,TX,37,Lloyd Doggett,Democratic,76.8,True,False,False
2022,house,Texas,TX,37,Jenny Garcia Sharon,Republican,21.0,False,False,False
2022,house,Texas,TX,37,Clark Patterson,Libertarian,2.2,False,False,False
2022,house,Texas,TX,38,Wesley Hunt,Republican,63.0,True,False,True
2022,house,Texas,TX,38,Duncan Klussmann,Democratic,35.5,False,False,True
2022,house,Texas,TX,38,Joel Dejean,Independent,1.5,False,False,True
2022,house,Utah,UT,1,Blake Moore,Republican,67.0,True,True,False
2022,house,Utah,UT,1,Rick Jones,Democratic,33.0,False,False,False
2022,house,Utah,UT,2,Chris Stewart,Republican,59.7,True,True,False
2022,house,Utah,UT,2,Nick Mitchell,Democratic,34.0,False,False,False
2022,house,Utah,UT,2,United Utah,United Utah,3.3,False,False,False
2022,house,Utah,UT,3,John Curtis,Republican,64.4,True,True,False
2022,house,Utah,UT,3,Glenn Wright,Democratic,29.5,False,False,False
2022,house,Utah,UT,3,Michael Stoddard,Libertarian,2.9,False,False,False
2022,house,Utah,UT,4,Burgess Owens,Republican,61.1,True,True,False
2022,house,Utah,UT,4,Darlene McDonald,Democratic,32.4,False,False,False
2022,house,Vermont,VT,AL,Becca Balint,Democratic,62.8,True,False,True
2022,house,Vermont,VT,AL,Liam Madden,Republican,27.9,False,False,True
2022,house,Virginia,VA,1,Rob Wittman,Republican,56.0,True,True,False
2022,house,Virginia,VA,1,Herb Jones,Democratic,43.0,False,False,False
2022,house,Virginia,VA,1,David Foster,Independent,1.0,False,False,False
2022,house,Virginia,VA,2,Jen Kiggans,Republican,51.7,True,False,False
2022,house,Virginia,VA,2,Elaine Luria,Democratic,48.3,False,True,False
2022,house,Virginia,VA,3,Bobby Scott,Democratic,67.4,True,True,False
2022,house,Virginia,VA,3,Terry Namkung,Republican,32.6,False,False,False
2022,house,Virginia,VA,4,Donald McEachin,Democratic,64.4,True,True,True
2022,house,Virginia,VA,4,Leon Benjamin,Republican,35.6,False,False,True
2022,house,Virginia,VA,5,Bob Good,Republican,57.7,True,True,False
2022,house,Virginia,VA,5,Josh Throneburg,Democratic,42.3,False,False,False
2022,house,Virginia,VA,6,Ben Cline,Republican,64.5,True,True,False
2022,house,Virginia,VA,6,Jennifer Lewis,Democratic,35.5,False,False,False
2022,house,Virginia,VA,7,Abigail Spanberger,Democratic,52.3,True,True,False
2022,house,Virginia,VA,7,Yesli Vega,Republican,47.7,False,False,False
2022,house,Virginia,VA,8,Don Beyer,Democratic,73.7,True,True,False
2022,house,Virginia,VA,8,Karina Lipsman,Republican,24.8,False,False,False
2022,house,Virginia,VA,8,Teddy Fikre,Independent,1.5,False,False,False
2022,house,Virginia,VA,9,Morgan Griffith,Republican,73.4,True,True,False
2022,house,Virginia,VA,9,Taysha DeVaughan,Democratic,26.6,False,False,False
2022,house,Virginia,VA,10,Jennifer Wexton,Democratic,53.3,True,True,False
2022,house,Virginia,VA,10,Hung Cao,Republican,46.7,False,False,False
2022,house,Virginia,VA,11,Gerry Connolly,Democratic,66.9,True,True,False
2022,house,Virginia,VA,11,James Myles,Republican,33.1,False,False,False
2022,house,Washington,WA,1,Suzan DelBene,Democratic,63.5,True,True,False
2022,house,Washington,WA,1,Vincent Cavaleri,Republican,36.4,False,False,False
2022,house,Washington,WA,2,Rick Larsen,Democratic,60.1,True,True,False
2022,house,Washington,WA,2,Dan Matthews,Republican,39.8,False,False,False
2022,house,Washington,WA,3,Marie Gluesenkamp Perez,Democratic,50.4,True,False,False
2022,house,Washington,WA,3,Joe Kent,Republican,49.6,False,False,False
2022,house,Washington,WA,4,Dan Newhouse,Republican,66.5,True,True,False
2022,house,Washington,WA,4,Doug White,Democratic,31.2,False,False,False
2022,house,Washington,WA,5,Cathy McMorris Rodgers,Republican,59.5,True,True,False
2022,house,Washington,WA,5,Natasha Hill,Democratic,40.3,False,False,False
2022,house,Washington,WA,6,Derek Kilmer,Democratic,60.0,True,True,False
2022,house,Washington,WA,6,Elizabeth Kreiselmaier,Republican,39.9,False,False,False
2022,house,Washington,WA,7,Pramila Jayapal,Democratic,85.4,True,True,False
2022,house,Washington,WA,7,Cliff Moon,Republican,14.2,False,False,False
2022,house,Washington,WA,8,Kim Schrier,Democratic,53.3,True,True,False
2022,house,Washington,WA,8,Matt Larkin,Republican,46.4,False,False,False
2022,house,Washington,WA,9,Adam Smith,Democratic,71.6,True,True,False
2022,house,Washington,WA,9,Doug Basler,Republican,28.2,False,False,False
2022,house,Washington,WA,10,Marilyn Strickland,Democratic,57.0,True,True,False
2022,house,Washington,WA,10,Keith Swank,Republican,42.9,False,False,False
2022,house,West Virginia,WV,1,Carol Miller,Republican,66.7,True,False,False
2022,house,West Virginia,WV,1,Lacy Watson,Democratic,28.8,False,False,False
2022,house,West Virginia,WV,1,Belinda Fox-Spencer,Independent,4.5,False,False,False
2022,house,West Virginia,WV,2,Alex Mooney,Republican,65.6,True,True,False
2022,house,West Virginia,WV,2,Barry Lee Wendell,Democratic,34.4,False,False,False
2022,house,Wisconsin,WI,1,Bryan Steil,Republican,54.1,True,True,False
2022,house,Wisconsin,WI,1,Ann Roe,Democratic,45.2,False,False,False
2022,house,Wisconsin,WI,2,Mark Pocan,Democratic,71.0,True,True,False
2022,house,Wisconsin,WI,2,Erik Olsen,Republican,26.9,False,False,False
2022,house,Wisconsin,WI,2,Douglas Alexander,Independent,2.0,False,False,False
2022,house,Wisconsin,WI,3,Derrick Van Orden,Republican,51.9,True,False,True
2022,house,Wisconsin,WI,3,Brad Pfaff,Democratic,48.1,False,False,True
2022,house,Wisconsin,WI,4,Gwen Moore,Democratic,75.3,True,True,False
2022,house,Wisconsin,WI,4,Tim Rogers,Republican,22.6,False,False,False
2022,house,Wisconsin,WI,4,Robert Raymond,Independent,2.0,False,False,False
2022,house,Wisconsin,WI,5,Scott Fitzgerald,Republican,64.4,True,True,False
2022,house,Wisconsin,WI,5,Mike Van Someren,Democratic,35.6,False,False,False
2022,house,Wisconsin,WI,6,Glenn Grothman,Republican,94.9,True,True,False
2022,house,Wisconsin,WI,7,Tom Tiffany,Republican,61.9,True,True,False
2022,house,Wisconsin,WI,7,Richard Ausman,Democratic,38.1,False,False,False
2022,house,Wisconsin,WI,8,Mike Gallagher,Republican,73.5,True,True,False
2022,house,Wisconsin,WI,8,Paul Boucher,Independent,16.0,False,False,False
2022,house,Wisconsin,WI,8,Jacob VandenPlas,Libertarian,10.5,False,False,False
2022,house,Wyoming,WY,AL,Harriet Hageman,Republican,69.8,True,False,False
2022,house,Wyoming,WY,AL,Lynnette Grey Bull,Democratic,24.9,False,False,False
2022,house,Wyoming,WY,AL,Richard Brubaker,Libertarian,2.9,False,False,False
2022,house,American Samoa,AS,AL,Amata Coleman Radewagen,Republican,100.0,True,True,False
2022,house,District of Columbia,DC,AL,Eleanor Holmes Norton,Democratic,87.2,True,True,False
2022,house,District of Columbia,DC,AL,Nelson Rimensnyder,Republican,5.9,False,False,False
2022,house,District of Columbia,DC,AL,Bruce Majors,Libertarian,2.0,False,False,False
2022,house,Guam,GU,AL,James Moylan,Republican,52.2,True,False,True
2022,house,Guam,GU,AL,Judith Won Pat,Democratic,47.2,False,False,True
2022,house,Northern Mariana Islands,MP,AL,Gregorio Sablan,Democratic,100.0,True,True,False
2022,house,United States Virgin Islands,VI,AL,Stacey Plaskett,Democratic,100.0,True,True,False
